{"id": "cfbec9a293d2ee73", "label": "chair", "status": "acquired", "counts": {"book": 0, "bottle": 0, "chair": 1, "cup": 0, "apple": 0, "bread": 0, "tomato": 0, "bowl": 0, "spoon": 0, "fork": 0, "knife": 0, "door": 0, "ladder": 0, "light bulb": 0, "tool": 0, "tap": 0}}
{"id": "1654c86093ada840", "label": "chair", "status": "acquired", "counts": {"book": 0, "bottle": 0, "chair": 2, "cup": 0, "apple": 0, "bread": 0, "tomato": 0, "bowl": 0, "spoon": 0, "fork": 0, "knife": 0, "door": 0, "ladder": 0, "light bulb": 0, "tool": 0, "tap": 0}}
{"id": "19aaf40e64cdfb7b", "label": "knife", "status": "acquired", "counts": {"book": 0, "bottle": 0, "chair": 2, "cup": 0, "apple": 0, "bread": 0, "tomato": 0, "bowl": 0, "spoon": 0, "fork": 0, "knife": 1, "door": 0, "ladder": 0, "light bulb": 0, "tool": 0, "tap": 0}}
{"id": "eaa356e807b2e504", "label": "chair", "status": "acquired", "counts": {"book": 0, "bottle": 0, "chair": 3, "cup": 0, "apple": 0, "bread": 0, "tomato": 0, "bowl": 0, "spoon": 0, "fork": 0, "knife": 1, "door": 0, "ladder": 0, "light bulb": 0, "tool": 0, "tap": 0}}
{"id": "259b1ae62870b32b", "label": "door", "status": "acquired", "counts": {"book": 0, "bottle": 0, "chair": 3, "cup": 0, "apple": 0, "bread": 0, "tomato": 0, "bowl": 0, "spoon": 0, "fork": 0, "knife": 1, "door": 1, "ladder": 0, "light bulb": 0, "tool": 0, "tap": 0}}
{"id": "0a6bc386b28f2aac", "label": "chair", "status": "acquired", "counts": {"book": 0, "bottle": 0, "chair": 4, "cup": 0, "apple": 0, "bread": 0, "tomato": 0, "bowl": 0, "spoon": 0, "fork": 0, "knife": 1, "door": 1, "ladder": 0, "light bulb": 0, "tool": 0, "tap": 0}}
{"id": "6e9f89a2758892d3", "label": "apple", "status": "acquired", "counts": {"book": 0, "bottle": 0, "chair": 4, "cup": 0, "apple": 1, "bread": 0, "tomato": 0, "bowl": 0, "spoon": 0, "fork": 0, "knife": 1, "door": 1, "ladder": 0, "light bulb": 0, "tool": 0, "tap": 0}}
{"id": "50a04340ed939dd7", "label": "tomato", "status": "acquired", "counts": {"book": 0, "bottle": 0, "chair": 4, "cup": 0, "apple": 1, "bread": 0, "tomato": 1, "bowl": 0, "spoon": 0, "fork": 0, "knife": 1, "door": 1, "ladder": 0, "light bulb": 0, "tool": 0, "tap": 0}}
{"id": "aed59fc1d72f575d", "label": "door", "status": "acquired", "counts": {"book": 0, "bottle": 0, "chair": 4, "cup": 0, "apple": 1, "bread": 0, "tomato": 1, "bowl": 0, "spoon": 0, "fork": 0, "knife": 1, "door": 2, "ladder": 0, "light bulb": 0, "tool": 0, "tap": 0}}
{"id": "8cf6f25f08e058f0", "label": "bottle", "status": "acquired", "counts": {"book": 0, "bottle": 1, "chair": 4, "cup": 0, "apple": 1, "bread": 0, "tomato": 1, "bowl": 0, "spoon": 0, "fork": 0, "knife": 1, "door": 2, "ladder": 0, "light bulb": 0, "tool": 0, "tap": 0}}
{"id": "ed37c41b16636962", "label": "apple", "status": "acquired", "counts": {"book": 0, "bottle": 1, "chair": 4, "cup": 0, "apple": 2, "bread": 0, "tomato": 1, "bowl": 0, "spoon": 0, "fork": 0, "knife": 1, "door": 2, "ladder": 0, "light bulb": 0, "tool": 0, "tap": 0}}
{"id": "ac0077fd03e9e741", "label": "bread", "status": "acquired", "counts": {"book": 0, "bottle": 1, "chair": 4, "cup": 0, "apple": 2, "bread": 1, "tomato": 1, "bowl": 0, "spoon": 0, "fork": 0, "knife": 1, "door": 2, "ladder": 0, "light bulb": 0, "tool": 0, "tap": 0}}
{"id": "a8b14d4a442bf4a8", "label": "cup", "status": "acquired", "counts": {"book": 0, "bottle": 1, "chair": 4, "cup": 1, "apple": 2, "bread": 1, "tomato": 1, "bowl": 0, "spoon": 0, "fork": 0, "knife": 1, "door": 2, "ladder": 0, "light bulb": 0, "tool": 0, "tap": 0}}
{"id": "6c6bab990f122299", "label": "bottle", "status": "acquired", "counts": {"book": 0, "bottle": 2, "chair": 4, "cup": 1, "apple": 2, "bread": 1, "tomato": 1, "bowl": 0, "spoon": 0, "fork": 0, "knife": 1, "door": 2, "ladder": 0, "light bulb": 0, "tool": 0, "tap": 0}}
{"id": "1ada167e2d40c238", "label": "knife", "status": "acquired", "counts": {"book": 0, "bottle": 2, "chair": 4, "cup": 1, "apple": 2, "bread": 1, "tomato": 1, "bowl": 0, "spoon": 0, "fork": 0, "knife": 2, "door": 2, "ladder": 0, "light bulb": 0, "tool": 0, "tap": 0}}
{"id": "c0670cfbacea9423", "label": "bread", "status": "acquired", "counts": {"book": 0, "bottle": 2, "chair": 4, "cup": 1, "apple": 2, "bread": 2, "tomato": 1, "bowl": 0, "spoon": 0, "fork": 0, "knife": 2, "door": 2, "ladder": 0, "light bulb": 0, "tool": 0, "tap": 0}}
{"id": "02eaecd683dbdb9f", "label": "cup", "status": "acquired", "counts": {"book": 0, "bottle": 2, "chair": 4, "cup": 2, "apple": 2, "bread": 2, "tomato": 1, "bowl": 0, "spoon": 0, "fork": 0, "knife": 2, "door": 2, "ladder": 0, "light bulb": 0, "tool": 0, "tap": 0}}
{"id": "99deb1955879caac", "label": "chair", "status": "acquired", "counts": {"book": 0, "bottle": 2, "chair": 5, "cup": 2, "apple": 2, "bread": 2, "tomato": 1, "bowl": 0, "spoon": 0, "fork": 0, "knife": 2, "door": 2, "ladder": 0, "light bulb": 0, "tool": 0, "tap": 0}}
{"id": "13d3f1e5893726a2", "label": "bottle", "status": "acquired", "counts": {"book": 0, "bottle": 3, "chair": 5, "cup": 2, "apple": 2, "bread": 2, "tomato": 1, "bowl": 0, "spoon": 0, "fork": 0, "knife": 2, "door": 2, "ladder": 0, "light bulb": 0, "tool": 0, "tap": 0}}
{"id": "b8dbdb7f69ce422d", "label": "bottle", "status": "acquired", "counts": {"book": 0, "bottle": 4, "chair": 5, "cup": 2, "apple": 2, "bread": 2, "tomato": 1, "bowl": 0, "spoon": 0, "fork": 0, "knife": 2, "door": 2, "ladder": 0, "light bulb": 0, "tool": 0, "tap": 0}}
{"id": "2e01648889a0c0ba", "label": "bread", "status": "acquired", "counts": {"book": 0, "bottle": 4, "chair": 5, "cup": 2, "apple": 2, "bread": 3, "tomato": 1, "bowl": 0, "spoon": 0, "fork": 0, "knife": 2, "door": 2, "ladder": 0, "light bulb": 0, "tool": 0, "tap": 0}}
{"id": "c2c19be58ed7280b", "label": "apple", "status": "acquired", "counts": {"book": 0, "bottle": 4, "chair": 5, "cup": 2, "apple": 3, "bread": 3, "tomato": 1, "bowl": 0, "spoon": 0, "fork": 0, "knife": 2, "door": 2, "ladder": 0, "light bulb": 0, "tool": 0, "tap": 0}}
{"id": "686799d087248d7f", "label": "cup", "status": "acquired", "counts": {"book": 0, "bottle": 4, "chair": 5, "cup": 3, "apple": 3, "bread": 3, "tomato": 1, "bowl": 0, "spoon": 0, "fork": 0, "knife": 2, "door": 2, "ladder": 0, "light bulb": 0, "tool": 0, "tap": 0}}
{"id": "d458b66ae00e6d3d", "label": "cup", "status": "acquired", "counts": {"book": 0, "bottle": 4, "chair": 5, "cup": 4, "apple": 3, "bread": 3, "tomato": 1, "bowl": 0, "spoon": 0, "fork": 0, "knife": 2, "door": 2, "ladder": 0, "light bulb": 0, "tool": 0, "tap": 0}}
{"id": "32fca57f422476e1", "label": "tomato", "status": "acquired", "counts": {"book": 0, "bottle": 4, "chair": 5, "cup": 4, "apple": 3, "bread": 3, "tomato": 2, "bowl": 0, "spoon": 0, "fork": 0, "knife": 2, "door": 2, "ladder": 0, "light bulb": 0, "tool": 0, "tap": 0}}
{"id": "27a69c63898c34d0", "label": "bread", "status": "acquired", "counts": {"book": 0, "bottle": 4, "chair": 5, "cup": 4, "apple": 3, "bread": 4, "tomato": 2, "bowl": 0, "spoon": 0, "fork": 0, "knife": 2, "door": 2, "ladder": 0, "light bulb": 0, "tool": 0, "tap": 0}}
{"id": "d6bdc197b5645e29", "label": "cup", "status": "acquired", "counts": {"book": 0, "bottle": 4, "chair": 5, "cup": 5, "apple": 3, "bread": 4, "tomato": 2, "bowl": 0, "spoon": 0, "fork": 0, "knife": 2, "door": 2, "ladder": 0, "light bulb": 0, "tool": 0, "tap": 0}}
{"id": "b5c57763b0dad42c", "label": "apple", "status": "acquired", "counts": {"book": 0, "bottle": 4, "chair": 5, "cup": 5, "apple": 4, "bread": 4, "tomato": 2, "bowl": 0, "spoon": 0, "fork": 0, "knife": 2, "door": 2, "ladder": 0, "light bulb": 0, "tool": 0, "tap": 0}}
{"id": "debf63ec21415073", "label": "chair", "status": "acquired", "counts": {"book": 0, "bottle": 4, "chair": 6, "cup": 5, "apple": 4, "bread": 4, "tomato": 2, "bowl": 0, "spoon": 0, "fork": 0, "knife": 2, "door": 2, "ladder": 0, "light bulb": 0, "tool": 0, "tap": 0}}
{"id": "becc028793504bdc", "label": "apple", "status": "excluded", "counts": {"book": 0, "bottle": 4, "chair": 6, "cup": 5, "apple": 4, "bread": 4, "tomato": 2, "bowl": 0, "spoon": 0, "fork": 0, "knife": 2, "door": 2, "ladder": 0, "light bulb": 0, "tool": 0, "tap": 0}}
{"id": "333452abf04d1b2b", "label": "book", "status": "excluded", "counts": {"book": 0, "bottle": 4, "chair": 6, "cup": 5, "apple": 4, "bread": 4, "tomato": 2, "bowl": 0, "spoon": 0, "fork": 0, "knife": 2, "door": 2, "ladder": 0, "light bulb": 0, "tool": 0, "tap": 0}}
{"id": "3675c866682c18f6", "label": "tomato", "status": "acquired", "counts": {"book": 0, "bottle": 4, "chair": 6, "cup": 5, "apple": 4, "bread": 4, "tomato": 3, "bowl": 0, "spoon": 0, "fork": 0, "knife": 2, "door": 2, "ladder": 0, "light bulb": 0, "tool": 0, "tap": 0}}
{"id": "a1119d540ba829e4", "label": "bottle", "status": "acquired", "counts": {"book": 0, "bottle": 5, "chair": 6, "cup": 5, "apple": 4, "bread": 4, "tomato": 3, "bowl": 0, "spoon": 0, "fork": 0, "knife": 2, "door": 2, "ladder": 0, "light bulb": 0, "tool": 0, "tap": 0}}
{"id": "c2ed6ddf764b96d4", "label": "chair", "status": "acquired", "counts": {"book": 0, "bottle": 5, "chair": 7, "cup": 5, "apple": 4, "bread": 4, "tomato": 3, "bowl": 0, "spoon": 0, "fork": 0, "knife": 2, "door": 2, "ladder": 0, "light bulb": 0, "tool": 0, "tap": 0}}
{"id": "d562ed18906bbb8b", "label": "fork", "status": "acquired", "counts": {"book": 0, "bottle": 5, "chair": 7, "cup": 5, "apple": 4, "bread": 4, "tomato": 3, "bowl": 0, "spoon": 0, "fork": 1, "knife": 2, "door": 2, "ladder": 0, "light bulb": 0, "tool": 0, "tap": 0}}
{"id": "f0d789f5cf4d0040", "label": "chair", "status": "acquired", "counts": {"book": 0, "bottle": 5, "chair": 8, "cup": 5, "apple": 4, "bread": 4, "tomato": 3, "bowl": 0, "spoon": 0, "fork": 1, "knife": 2, "door": 2, "ladder": 0, "light bulb": 0, "tool": 0, "tap": 0}}
{"id": "a2b5188ba29e3245", "label": "knife", "status": "acquired", "counts": {"book": 0, "bottle": 5, "chair": 8, "cup": 5, "apple": 4, "bread": 4, "tomato": 3, "bowl": 0, "spoon": 0, "fork": 1, "knife": 3, "door": 2, "ladder": 0, "light bulb": 0, "tool": 0, "tap": 0}}
{"id": "67b4747b6e5b641e", "label": "bread", "status": "acquired", "counts": {"book": 0, "bottle": 5, "chair": 8, "cup": 5, "apple": 4, "bread": 5, "tomato": 3, "bowl": 0, "spoon": 0, "fork": 1, "knife": 3, "door": 2, "ladder": 0, "light bulb": 0, "tool": 0, "tap": 0}}
{"id": "1dd5271713606af0", "label": "bread", "status": "excluded", "counts": {"book": 0, "bottle": 5, "chair": 8, "cup": 5, "apple": 4, "bread": 5, "tomato": 3, "bowl": 0, "spoon": 0, "fork": 1, "knife": 3, "door": 2, "ladder": 0, "light bulb": 0, "tool": 0, "tap": 0}}
{"id": "a3792682b8a65cff", "label": "door", "status": "acquired", "counts": {"book": 0, "bottle": 5, "chair": 8, "cup": 5, "apple": 4, "bread": 5, "tomato": 3, "bowl": 0, "spoon": 0, "fork": 1, "knife": 3, "door": 3, "ladder": 0, "light bulb": 0, "tool": 0, "tap": 0}}
{"id": "42b88b3797ac9e54", "label": "bread", "status": "excluded", "counts": {"book": 0, "bottle": 5, "chair": 8, "cup": 5, "apple": 4, "bread": 5, "tomato": 3, "bowl": 0, "spoon": 0, "fork": 1, "knife": 3, "door": 3, "ladder": 0, "light bulb": 0, "tool": 0, "tap": 0}}
{"id": "50af10820920446e", "label": "bread", "status": "acquired", "counts": {"book": 0, "bottle": 5, "chair": 8, "cup": 5, "apple": 4, "bread": 6, "tomato": 3, "bowl": 0, "spoon": 0, "fork": 1, "knife": 3, "door": 3, "ladder": 0, "light bulb": 0, "tool": 0, "tap": 0}}
{"id": "9b35df58a0816681", "label": "bread", "status": "acquired", "counts": {"book": 0, "bottle": 5, "chair": 8, "cup": 5, "apple": 4, "bread": 7, "tomato": 3, "bowl": 0, "spoon": 0, "fork": 1, "knife": 3, "door": 3, "ladder": 0, "light bulb": 0, "tool": 0, "tap": 0}}
{"id": "1f058e3f36ffbbde", "label": "door", "status": "acquired", "counts": {"book": 0, "bottle": 5, "chair": 8, "cup": 5, "apple": 4, "bread": 7, "tomato": 3, "bowl": 0, "spoon": 0, "fork": 1, "knife": 3, "door": 4, "ladder": 0, "light bulb": 0, "tool": 0, "tap": 0}}
{"id": "9f26942709846de3", "label": "bowl", "status": "acquired", "counts": {"book": 0, "bottle": 5, "chair": 8, "cup": 5, "apple": 4, "bread": 7, "tomato": 3, "bowl": 1, "spoon": 0, "fork": 1, "knife": 3, "door": 4, "ladder": 0, "light bulb": 0, "tool": 0, "tap": 0}}
{"id": "a358a9eb26b043d3", "label": "cup", "status": "acquired", "counts": {"book": 0, "bottle": 5, "chair": 8, "cup": 6, "apple": 4, "bread": 7, "tomato": 3, "bowl": 1, "spoon": 0, "fork": 1, "knife": 3, "door": 4, "ladder": 0, "light bulb": 0, "tool": 0, "tap": 0}}
{"id": "fb6e35f4e8ad790f", "label": "door", "status": "acquired", "counts": {"book": 0, "bottle": 5, "chair": 8, "cup": 6, "apple": 4, "bread": 7, "tomato": 3, "bowl": 1, "spoon": 0, "fork": 1, "knife": 3, "door": 5, "ladder": 0, "light bulb": 0, "tool": 0, "tap": 0}}
{"id": "cf13fbb4095a9431", "label": "bottle", "status": "excluded", "counts": {"book": 0, "bottle": 5, "chair": 8, "cup": 6, "apple": 4, "bread": 7, "tomato": 3, "bowl": 1, "spoon": 0, "fork": 1, "knife": 3, "door": 5, "ladder": 0, "light bulb": 0, "tool": 0, "tap": 0}}
{"id": "7db5db2dd2d1850d", "label": "cup", "status": "acquired", "counts": {"book": 0, "bottle": 5, "chair": 8, "cup": 7, "apple": 4, "bread": 7, "tomato": 3, "bowl": 1, "spoon": 0, "fork": 1, "knife": 3, "door": 5, "ladder": 0, "light bulb": 0, "tool": 0, "tap": 0}}
{"id": "1eb99df4147f898f", "label": "chair", "status": "excluded", "counts": {"book": 0, "bottle": 5, "chair": 8, "cup": 7, "apple": 4, "bread": 7, "tomato": 3, "bowl": 1, "spoon": 0, "fork": 1, "knife": 3, "door": 5, "ladder": 0, "light bulb": 0, "tool": 0, "tap": 0}}
{"id": "ca926ec717b49d1f", "label": "bread", "status": "acquired", "counts": {"book": 0, "bottle": 5, "chair": 8, "cup": 7, "apple": 4, "bread": 8, "tomato": 3, "bowl": 1, "spoon": 0, "fork": 1, "knife": 3, "door": 5, "ladder": 0, "light bulb": 0, "tool": 0, "tap": 0}}
{"id": "f5174ad60e27a5cd", "label": "bread", "status": "acquired", "counts": {"book": 0, "bottle": 5, "chair": 8, "cup": 7, "apple": 4, "bread": 9, "tomato": 3, "bowl": 1, "spoon": 0, "fork": 1, "knife": 3, "door": 5, "ladder": 0, "light bulb": 0, "tool": 0, "tap": 0}}
{"id": "3749a24ae43d82d7", "label": "bread", "status": "acquired", "counts": {"book": 0, "bottle": 5, "chair": 8, "cup": 7, "apple": 4, "bread": 10, "tomato": 3, "bowl": 1, "spoon": 0, "fork": 1, "knife": 3, "door": 5, "ladder": 0, "light bulb": 0, "tool": 0, "tap": 0}}
{"id": "72ebbdbe20616052", "label": "door", "status": "acquired", "counts": {"book": 0, "bottle": 5, "chair": 8, "cup": 7, "apple": 4, "bread": 10, "tomato": 3, "bowl": 1, "spoon": 0, "fork": 1, "knife": 3, "door": 6, "ladder": 0, "light bulb": 0, "tool": 0, "tap": 0}}
{"id": "c6a7016c62ecf311", "label": "knife", "status": "excluded", "counts": {"book": 0, "bottle": 5, "chair": 8, "cup": 7, "apple": 4, "bread": 10, "tomato": 3, "bowl": 1, "spoon": 0, "fork": 1, "knife": 3, "door": 6, "ladder": 0, "light bulb": 0, "tool": 0, "tap": 0}}
{"id": "a19042e59ff2b818", "label": "door", "status": "acquired", "counts": {"book": 0, "bottle": 5, "chair": 8, "cup": 7, "apple": 4, "bread": 10, "tomato": 3, "bowl": 1, "spoon": 0, "fork": 1, "knife": 3, "door": 7, "ladder": 0, "light bulb": 0, "tool": 0, "tap": 0}}
{"id": "13e5ad939c965e81", "label": "bread", "status": "acquired", "counts": {"book": 0, "bottle": 5, "chair": 8, "cup": 7, "apple": 4, "bread": 11, "tomato": 3, "bowl": 1, "spoon": 0, "fork": 1, "knife": 3, "door": 7, "ladder": 0, "light bulb": 0, "tool": 0, "tap": 0}}
{"id": "c508797245ca5106", "label": "chair", "status": "acquired", "counts": {"book": 0, "bottle": 5, "chair": 9, "cup": 7, "apple": 4, "bread": 11, "tomato": 3, "bowl": 1, "spoon": 0, "fork": 1, "knife": 3, "door": 7, "ladder": 0, "light bulb": 0, "tool": 0, "tap": 0}}
{"id": "62782d83696dc8d4", "label": "tool", "status": "acquired", "counts": {"book": 0, "bottle": 5, "chair": 9, "cup": 7, "apple": 4, "bread": 11, "tomato": 3, "bowl": 1, "spoon": 0, "fork": 1, "knife": 3, "door": 7, "ladder": 0, "light bulb": 0, "tool": 1, "tap": 0}}
{"id": "9ebb007efd52d095", "label": "bottle", "status": "acquired", "counts": {"book": 0, "bottle": 6, "chair": 9, "cup": 7, "apple": 4, "bread": 11, "tomato": 3, "bowl": 1, "spoon": 0, "fork": 1, "knife": 3, "door": 7, "ladder": 0, "light bulb": 0, "tool": 1, "tap": 0}}
{"id": "12b9323540615016", "label": "knife", "status": "acquired", "counts": {"book": 0, "bottle": 6, "chair": 9, "cup": 7, "apple": 4, "bread": 11, "tomato": 3, "bowl": 1, "spoon": 0, "fork": 1, "knife": 4, "door": 7, "ladder": 0, "light bulb": 0, "tool": 1, "tap": 0}}
{"id": "6867908fdeb4295b", "label": "bread", "status": "acquired", "counts": {"book": 0, "bottle": 6, "chair": 9, "cup": 7, "apple": 4, "bread": 12, "tomato": 3, "bowl": 1, "spoon": 0, "fork": 1, "knife": 4, "door": 7, "ladder": 0, "light bulb": 0, "tool": 1, "tap": 0}}
{"id": "1649aecb5b6ad8cb", "label": "cup", "status": "acquired", "counts": {"book": 0, "bottle": 6, "chair": 9, "cup": 8, "apple": 4, "bread": 12, "tomato": 3, "bowl": 1, "spoon": 0, "fork": 1, "knife": 4, "door": 7, "ladder": 0, "light bulb": 0, "tool": 1, "tap": 0}}
{"id": "a23e5cf055323737", "label": "door", "status": "acquired", "counts": {"book": 0, "bottle": 6, "chair": 9, "cup": 8, "apple": 4, "bread": 12, "tomato": 3, "bowl": 1, "spoon": 0, "fork": 1, "knife": 4, "door": 8, "ladder": 0, "light bulb": 0, "tool": 1, "tap": 0}}
{"id": "bfaae3db9126ecf1", "label": "spoon", "status": "acquired", "counts": {"book": 0, "bottle": 6, "chair": 9, "cup": 8, "apple": 4, "bread": 12, "tomato": 3, "bowl": 1, "spoon": 1, "fork": 1, "knife": 4, "door": 8, "ladder": 0, "light bulb": 0, "tool": 1, "tap": 0}}
{"id": "21b246ca3da40334", "label": "door", "status": "acquired", "counts": {"book": 0, "bottle": 6, "chair": 9, "cup": 8, "apple": 4, "bread": 12, "tomato": 3, "bowl": 1, "spoon": 1, "fork": 1, "knife": 4, "door": 9, "ladder": 0, "light bulb": 0, "tool": 1, "tap": 0}}
{"id": "601f47f5b112ecf9", "label": "chair", "status": "acquired", "counts": {"book": 0, "bottle": 6, "chair": 10, "cup": 8, "apple": 4, "bread": 12, "tomato": 3, "bowl": 1, "spoon": 1, "fork": 1, "knife": 4, "door": 9, "ladder": 0, "light bulb": 0, "tool": 1, "tap": 0}}
{"id": "966d44c47effc043", "label": "bottle", "status": "excluded", "counts": {"book": 0, "bottle": 6, "chair": 10, "cup": 8, "apple": 4, "bread": 12, "tomato": 3, "bowl": 1, "spoon": 1, "fork": 1, "knife": 4, "door": 9, "ladder": 0, "light bulb": 0, "tool": 1, "tap": 0}}
{"id": "de0c10187e2b05d2", "label": "bread", "status": "excluded", "counts": {"book": 0, "bottle": 6, "chair": 10, "cup": 8, "apple": 4, "bread": 12, "tomato": 3, "bowl": 1, "spoon": 1, "fork": 1, "knife": 4, "door": 9, "ladder": 0, "light bulb": 0, "tool": 1, "tap": 0}}
{"id": "d8af5e9c82380fe5", "label": "chair", "status": "excluded", "counts": {"book": 0, "bottle": 6, "chair": 10, "cup": 8, "apple": 4, "bread": 12, "tomato": 3, "bowl": 1, "spoon": 1, "fork": 1, "knife": 4, "door": 9, "ladder": 0, "light bulb": 0, "tool": 1, "tap": 0}}
{"id": "0303ef7b037b5ecb", "label": "bread", "status": "excluded", "counts": {"book": 0, "bottle": 6, "chair": 10, "cup": 8, "apple": 4, "bread": 12, "tomato": 3, "bowl": 1, "spoon": 1, "fork": 1, "knife": 4, "door": 9, "ladder": 0, "light bulb": 0, "tool": 1, "tap": 0}}
{"id": "c80e081e169fd977", "label": "book", "status": "excluded", "counts": {"book": 0, "bottle": 6, "chair": 10, "cup": 8, "apple": 4, "bread": 12, "tomato": 3, "bowl": 1, "spoon": 1, "fork": 1, "knife": 4, "door": 9, "ladder": 0, "light bulb": 0, "tool": 1, "tap": 0}}
{"id": "2601272daf82eec5", "label": "knife", "status": "excluded", "counts": {"book": 0, "bottle": 6, "chair": 10, "cup": 8, "apple": 4, "bread": 12, "tomato": 3, "bowl": 1, "spoon": 1, "fork": 1, "knife": 4, "door": 9, "ladder": 0, "light bulb": 0, "tool": 1, "tap": 0}}
{"id": "a2364c31de73114d", "label": "bottle", "status": "acquired", "counts": {"book": 0, "bottle": 7, "chair": 10, "cup": 8, "apple": 4, "bread": 12, "tomato": 3, "bowl": 1, "spoon": 1, "fork": 1, "knife": 4, "door": 9, "ladder": 0, "light bulb": 0, "tool": 1, "tap": 0}}
{"id": "61bbdd11a01347bb", "label": "bread", "status": "excluded", "counts": {"book": 0, "bottle": 7, "chair": 10, "cup": 8, "apple": 4, "bread": 12, "tomato": 3, "bowl": 1, "spoon": 1, "fork": 1, "knife": 4, "door": 9, "ladder": 0, "light bulb": 0, "tool": 1, "tap": 0}}
{"id": "70193f7825e12c5c", "label": "bowl", "status": "acquired", "counts": {"book": 0, "bottle": 7, "chair": 10, "cup": 8, "apple": 4, "bread": 12, "tomato": 3, "bowl": 2, "spoon": 1, "fork": 1, "knife": 4, "door": 9, "ladder": 0, "light bulb": 0, "tool": 1, "tap": 0}}
{"id": "155600e5f1221f8c", "label": "spoon", "status": "acquired", "counts": {"book": 0, "bottle": 7, "chair": 10, "cup": 8, "apple": 4, "bread": 12, "tomato": 3, "bowl": 2, "spoon": 2, "fork": 1, "knife": 4, "door": 9, "ladder": 0, "light bulb": 0, "tool": 1, "tap": 0}}
{"id": "5c1caa03e94c6e2e", "label": "cup", "status": "acquired", "counts": {"book": 0, "bottle": 7, "chair": 10, "cup": 9, "apple": 4, "bread": 12, "tomato": 3, "bowl": 2, "spoon": 2, "fork": 1, "knife": 4, "door": 9, "ladder": 0, "light bulb": 0, "tool": 1, "tap": 0}}
{"id": "1dcb01866066fae0", "label": "bread", "status": "acquired", "counts": {"book": 0, "bottle": 7, "chair": 10, "cup": 9, "apple": 4, "bread": 13, "tomato": 3, "bowl": 2, "spoon": 2, "fork": 1, "knife": 4, "door": 9, "ladder": 0, "light bulb": 0, "tool": 1, "tap": 0}}
{"id": "0071f62f5d703904", "label": "cup", "status": "acquired", "counts": {"book": 0, "bottle": 7, "chair": 10, "cup": 10, "apple": 4, "bread": 13, "tomato": 3, "bowl": 2, "spoon": 2, "fork": 1, "knife": 4, "door": 9, "ladder": 0, "light bulb": 0, "tool": 1, "tap": 0}}
{"id": "dacff59f9391a87b", "label": "book", "status": "acquired", "counts": {"book": 1, "bottle": 7, "chair": 10, "cup": 10, "apple": 4, "bread": 13, "tomato": 3, "bowl": 2, "spoon": 2, "fork": 1, "knife": 4, "door": 9, "ladder": 0, "light bulb": 0, "tool": 1, "tap": 0}}
{"id": "0b6227bb06345402", "label": "chair", "status": "acquired", "counts": {"book": 1, "bottle": 7, "chair": 11, "cup": 10, "apple": 4, "bread": 13, "tomato": 3, "bowl": 2, "spoon": 2, "fork": 1, "knife": 4, "door": 9, "ladder": 0, "light bulb": 0, "tool": 1, "tap": 0}}
{"id": "0c3567f0d4d650eb", "label": "door", "status": "acquired", "counts": {"book": 1, "bottle": 7, "chair": 11, "cup": 10, "apple": 4, "bread": 13, "tomato": 3, "bowl": 2, "spoon": 2, "fork": 1, "knife": 4, "door": 10, "ladder": 0, "light bulb": 0, "tool": 1, "tap": 0}}
{"id": "ea9d7635204c1dc3", "label": "door", "status": "acquired", "counts": {"book": 1, "bottle": 7, "chair": 11, "cup": 10, "apple": 4, "bread": 13, "tomato": 3, "bowl": 2, "spoon": 2, "fork": 1, "knife": 4, "door": 11, "ladder": 0, "light bulb": 0, "tool": 1, "tap": 0}}
{"id": "2ebea253f54ba55f", "label": "chair", "status": "acquired", "counts": {"book": 1, "bottle": 7, "chair": 12, "cup": 10, "apple": 4, "bread": 13, "tomato": 3, "bowl": 2, "spoon": 2, "fork": 1, "knife": 4, "door": 11, "ladder": 0, "light bulb": 0, "tool": 1, "tap": 0}}
{"id": "94503f1b3932789b", "label": "bread", "status": "acquired", "counts": {"book": 1, "bottle": 7, "chair": 12, "cup": 10, "apple": 4, "bread": 14, "tomato": 3, "bowl": 2, "spoon": 2, "fork": 1, "knife": 4, "door": 11, "ladder": 0, "light bulb": 0, "tool": 1, "tap": 0}}
{"id": "78be3cbbf29825e7", "label": "bottle", "status": "acquired", "counts": {"book": 1, "bottle": 8, "chair": 12, "cup": 10, "apple": 4, "bread": 14, "tomato": 3, "bowl": 2, "spoon": 2, "fork": 1, "knife": 4, "door": 11, "ladder": 0, "light bulb": 0, "tool": 1, "tap": 0}}
{"id": "6ab8450d1a44fc25", "label": "chair", "status": "excluded", "counts": {"book": 1, "bottle": 8, "chair": 12, "cup": 10, "apple": 4, "bread": 14, "tomato": 3, "bowl": 2, "spoon": 2, "fork": 1, "knife": 4, "door": 11, "ladder": 0, "light bulb": 0, "tool": 1, "tap": 0}}
{"id": "2c9817c8076a3fd4", "label": "bottle", "status": "acquired", "counts": {"book": 1, "bottle": 9, "chair": 12, "cup": 10, "apple": 4, "bread": 14, "tomato": 3, "bowl": 2, "spoon": 2, "fork": 1, "knife": 4, "door": 11, "ladder": 0, "light bulb": 0, "tool": 1, "tap": 0}}
{"id": "d8da33b1f6957b03", "label": "light bulb", "status": "excluded", "counts": {"book": 1, "bottle": 9, "chair": 12, "cup": 10, "apple": 4, "bread": 14, "tomato": 3, "bowl": 2, "spoon": 2, "fork": 1, "knife": 4, "door": 11, "ladder": 0, "light bulb": 0, "tool": 1, "tap": 0}}
{"id": "48a4f8356d194373", "label": "chair", "status": "acquired", "counts": {"book": 1, "bottle": 9, "chair": 13, "cup": 10, "apple": 4, "bread": 14, "tomato": 3, "bowl": 2, "spoon": 2, "fork": 1, "knife": 4, "door": 11, "ladder": 0, "light bulb": 0, "tool": 1, "tap": 0}}
{"id": "1e6104d5518cb3f9", "label": "cup", "status": "acquired", "counts": {"book": 1, "bottle": 9, "chair": 13, "cup": 11, "apple": 4, "bread": 14, "tomato": 3, "bowl": 2, "spoon": 2, "fork": 1, "knife": 4, "door": 11, "ladder": 0, "light bulb": 0, "tool": 1, "tap": 0}}
{"id": "1b624745a56db0f5", "label": "tool", "status": "acquired", "counts": {"book": 1, "bottle": 9, "chair": 13, "cup": 11, "apple": 4, "bread": 14, "tomato": 3, "bowl": 2, "spoon": 2, "fork": 1, "knife": 4, "door": 11, "ladder": 0, "light bulb": 0, "tool": 2, "tap": 0}}
{"id": "062973d55a1303d6", "label": "tool", "status": "acquired", "counts": {"book": 1, "bottle": 9, "chair": 13, "cup": 11, "apple": 4, "bread": 14, "tomato": 3, "bowl": 2, "spoon": 2, "fork": 1, "knife": 4, "door": 11, "ladder": 0, "light bulb": 0, "tool": 3, "tap": 0}}
{"id": "7290c66c57edfdc5", "label": "bottle", "status": "acquired", "counts": {"book": 1, "bottle": 10, "chair": 13, "cup": 11, "apple": 4, "bread": 14, "tomato": 3, "bowl": 2, "spoon": 2, "fork": 1, "knife": 4, "door": 11, "ladder": 0, "light bulb": 0, "tool": 3, "tap": 0}}
{"id": "acc8ce009f5a3463", "label": "fork", "status": "excluded", "counts": {"book": 1, "bottle": 10, "chair": 13, "cup": 11, "apple": 4, "bread": 14, "tomato": 3, "bowl": 2, "spoon": 2, "fork": 1, "knife": 4, "door": 11, "ladder": 0, "light bulb": 0, "tool": 3, "tap": 0}}
{"id": "834460b40132bd82", "label": "bread", "status": "acquired", "counts": {"book": 1, "bottle": 10, "chair": 13, "cup": 11, "apple": 4, "bread": 15, "tomato": 3, "bowl": 2, "spoon": 2, "fork": 1, "knife": 4, "door": 11, "ladder": 0, "light bulb": 0, "tool": 3, "tap": 0}}
{"id": "894ea4d95293e3ac", "label": "chair", "status": "acquired", "counts": {"book": 1, "bottle": 10, "chair": 14, "cup": 11, "apple": 4, "bread": 15, "tomato": 3, "bowl": 2, "spoon": 2, "fork": 1, "knife": 4, "door": 11, "ladder": 0, "light bulb": 0, "tool": 3, "tap": 0}}
{"id": "8271700462080fb7", "label": "bread", "status": "acquired", "counts": {"book": 1, "bottle": 10, "chair": 14, "cup": 11, "apple": 4, "bread": 16, "tomato": 3, "bowl": 2, "spoon": 2, "fork": 1, "knife": 4, "door": 11, "ladder": 0, "light bulb": 0, "tool": 3, "tap": 0}}
{"id": "5b5f5c5c05f700b3", "label": "chair", "status": "excluded", "counts": {"book": 1, "bottle": 10, "chair": 14, "cup": 11, "apple": 4, "bread": 16, "tomato": 3, "bowl": 2, "spoon": 2, "fork": 1, "knife": 4, "door": 11, "ladder": 0, "light bulb": 0, "tool": 3, "tap": 0}}
{"id": "0344cade36bbd4f4", "label": "spoon", "status": "acquired", "counts": {"book": 1, "bottle": 10, "chair": 14, "cup": 11, "apple": 4, "bread": 16, "tomato": 3, "bowl": 2, "spoon": 3, "fork": 1, "knife": 4, "door": 11, "ladder": 0, "light bulb": 0, "tool": 3, "tap": 0}}
{"id": "d0d88e4fa92a170a", "label": "chair", "status": "acquired", "counts": {"book": 1, "bottle": 10, "chair": 15, "cup": 11, "apple": 4, "bread": 16, "tomato": 3, "bowl": 2, "spoon": 3, "fork": 1, "knife": 4, "door": 11, "ladder": 0, "light bulb": 0, "tool": 3, "tap": 0}}
{"id": "e1ffa13fb120c12b", "label": "cup", "status": "acquired", "counts": {"book": 1, "bottle": 10, "chair": 15, "cup": 12, "apple": 4, "bread": 16, "tomato": 3, "bowl": 2, "spoon": 3, "fork": 1, "knife": 4, "door": 11, "ladder": 0, "light bulb": 0, "tool": 3, "tap": 0}}
{"id": "678d8f787e832ca3", "label": "door", "status": "acquired", "counts": {"book": 1, "bottle": 10, "chair": 15, "cup": 12, "apple": 4, "bread": 16, "tomato": 3, "bowl": 2, "spoon": 3, "fork": 1, "knife": 4, "door": 12, "ladder": 0, "light bulb": 0, "tool": 3, "tap": 0}}
{"id": "b0675e458b303b40", "label": "cup", "status": "acquired", "counts": {"book": 1, "bottle": 10, "chair": 15, "cup": 13, "apple": 4, "bread": 16, "tomato": 3, "bowl": 2, "spoon": 3, "fork": 1, "knife": 4, "door": 12, "ladder": 0, "light bulb": 0, "tool": 3, "tap": 0}}
{"id": "f9d76673400715e9", "label": "door", "status": "excluded", "counts": {"book": 1, "bottle": 10, "chair": 15, "cup": 13, "apple": 4, "bread": 16, "tomato": 3, "bowl": 2, "spoon": 3, "fork": 1, "knife": 4, "door": 12, "ladder": 0, "light bulb": 0, "tool": 3, "tap": 0}}
{"id": "fdf9eda743c4ef7f", "label": "chair", "status": "acquired", "counts": {"book": 1, "bottle": 10, "chair": 16, "cup": 13, "apple": 4, "bread": 16, "tomato": 3, "bowl": 2, "spoon": 3, "fork": 1, "knife": 4, "door": 12, "ladder": 0, "light bulb": 0, "tool": 3, "tap": 0}}
{"id": "61e5a9ac02d31d84", "label": "bottle", "status": "acquired", "counts": {"book": 1, "bottle": 11, "chair": 16, "cup": 13, "apple": 4, "bread": 16, "tomato": 3, "bowl": 2, "spoon": 3, "fork": 1, "knife": 4, "door": 12, "ladder": 0, "light bulb": 0, "tool": 3, "tap": 0}}
{"id": "b0cb42035e02323c", "label": "tomato", "status": "acquired", "counts": {"book": 1, "bottle": 11, "chair": 16, "cup": 13, "apple": 4, "bread": 16, "tomato": 4, "bowl": 2, "spoon": 3, "fork": 1, "knife": 4, "door": 12, "ladder": 0, "light bulb": 0, "tool": 3, "tap": 0}}
{"id": "41135844340730d9", "label": "bread", "status": "acquired", "counts": {"book": 1, "bottle": 11, "chair": 16, "cup": 13, "apple": 4, "bread": 17, "tomato": 4, "bowl": 2, "spoon": 3, "fork": 1, "knife": 4, "door": 12, "ladder": 0, "light bulb": 0, "tool": 3, "tap": 0}}
{"id": "4afc9fce9b1398c0", "label": "chair", "status": "excluded", "counts": {"book": 1, "bottle": 11, "chair": 16, "cup": 13, "apple": 4, "bread": 17, "tomato": 4, "bowl": 2, "spoon": 3, "fork": 1, "knife": 4, "door": 12, "ladder": 0, "light bulb": 0, "tool": 3, "tap": 0}}
{"id": "0f8608c905e40648", "label": "bread", "status": "excluded", "counts": {"book": 1, "bottle": 11, "chair": 16, "cup": 13, "apple": 4, "bread": 17, "tomato": 4, "bowl": 2, "spoon": 3, "fork": 1, "knife": 4, "door": 12, "ladder": 0, "light bulb": 0, "tool": 3, "tap": 0}}
{"id": "363b20c1602ae5fb", "label": "chair", "status": "acquired", "counts": {"book": 1, "bottle": 11, "chair": 17, "cup": 13, "apple": 4, "bread": 17, "tomato": 4, "bowl": 2, "spoon": 3, "fork": 1, "knife": 4, "door": 12, "ladder": 0, "light bulb": 0, "tool": 3, "tap": 0}}
{"id": "afa42fe3fe473456", "label": "door", "status": "excluded", "counts": {"book": 1, "bottle": 11, "chair": 17, "cup": 13, "apple": 4, "bread": 17, "tomato": 4, "bowl": 2, "spoon": 3, "fork": 1, "knife": 4, "door": 12, "ladder": 0, "light bulb": 0, "tool": 3, "tap": 0}}
{"id": "4caa7f161916628e", "label": "book", "status": "acquired", "counts": {"book": 2, "bottle": 11, "chair": 17, "cup": 13, "apple": 4, "bread": 17, "tomato": 4, "bowl": 2, "spoon": 3, "fork": 1, "knife": 4, "door": 12, "ladder": 0, "light bulb": 0, "tool": 3, "tap": 0}}
{"id": "89fb4f3b001d677e", "label": "door", "status": "excluded", "counts": {"book": 2, "bottle": 11, "chair": 17, "cup": 13, "apple": 4, "bread": 17, "tomato": 4, "bowl": 2, "spoon": 3, "fork": 1, "knife": 4, "door": 12, "ladder": 0, "light bulb": 0, "tool": 3, "tap": 0}}
{"id": "3ef5a2893b3df4a4", "label": "bottle", "status": "acquired", "counts": {"book": 2, "bottle": 12, "chair": 17, "cup": 13, "apple": 4, "bread": 17, "tomato": 4, "bowl": 2, "spoon": 3, "fork": 1, "knife": 4, "door": 12, "ladder": 0, "light bulb": 0, "tool": 3, "tap": 0}}
{"id": "5db1bf4fd366b073", "label": "light bulb", "status": "acquired", "counts": {"book": 2, "bottle": 12, "chair": 17, "cup": 13, "apple": 4, "bread": 17, "tomato": 4, "bowl": 2, "spoon": 3, "fork": 1, "knife": 4, "door": 12, "ladder": 0, "light bulb": 1, "tool": 3, "tap": 0}}
{"id": "3441585d82a2de42", "label": "cup", "status": "acquired", "counts": {"book": 2, "bottle": 12, "chair": 17, "cup": 14, "apple": 4, "bread": 17, "tomato": 4, "bowl": 2, "spoon": 3, "fork": 1, "knife": 4, "door": 12, "ladder": 0, "light bulb": 1, "tool": 3, "tap": 0}}
{"id": "ba3f8efc509e7787", "label": "chair", "status": "acquired", "counts": {"book": 2, "bottle": 12, "chair": 18, "cup": 14, "apple": 4, "bread": 17, "tomato": 4, "bowl": 2, "spoon": 3, "fork": 1, "knife": 4, "door": 12, "ladder": 0, "light bulb": 1, "tool": 3, "tap": 0}}
{"id": "737c48f2111f8dc5", "label": "tomato", "status": "acquired", "counts": {"book": 2, "bottle": 12, "chair": 18, "cup": 14, "apple": 4, "bread": 17, "tomato": 5, "bowl": 2, "spoon": 3, "fork": 1, "knife": 4, "door": 12, "ladder": 0, "light bulb": 1, "tool": 3, "tap": 0}}
{"id": "3e73afaaaca25592", "label": "tool", "status": "acquired", "counts": {"book": 2, "bottle": 12, "chair": 18, "cup": 14, "apple": 4, "bread": 17, "tomato": 5, "bowl": 2, "spoon": 3, "fork": 1, "knife": 4, "door": 12, "ladder": 0, "light bulb": 1, "tool": 4, "tap": 0}}
{"id": "a7764d775577ad20", "label": "tomato", "status": "acquired", "counts": {"book": 2, "bottle": 12, "chair": 18, "cup": 14, "apple": 4, "bread": 17, "tomato": 6, "bowl": 2, "spoon": 3, "fork": 1, "knife": 4, "door": 12, "ladder": 0, "light bulb": 1, "tool": 4, "tap": 0}}
{"id": "48f051819927ee14", "label": "chair", "status": "acquired", "counts": {"book": 2, "bottle": 12, "chair": 19, "cup": 14, "apple": 4, "bread": 17, "tomato": 6, "bowl": 2, "spoon": 3, "fork": 1, "knife": 4, "door": 12, "ladder": 0, "light bulb": 1, "tool": 4, "tap": 0}}
{"id": "8de803c15dc6dc7d", "label": "chair", "status": "acquired", "counts": {"book": 2, "bottle": 12, "chair": 20, "cup": 14, "apple": 4, "bread": 17, "tomato": 6, "bowl": 2, "spoon": 3, "fork": 1, "knife": 4, "door": 12, "ladder": 0, "light bulb": 1, "tool": 4, "tap": 0}}
{"id": "18f5b21c06c6f3d1", "label": "chair", "status": "acquired", "counts": {"book": 2, "bottle": 12, "chair": 21, "cup": 14, "apple": 4, "bread": 17, "tomato": 6, "bowl": 2, "spoon": 3, "fork": 1, "knife": 4, "door": 12, "ladder": 0, "light bulb": 1, "tool": 4, "tap": 0}}
{"id": "522e36b16a1539a6", "label": "chair", "status": "acquired", "counts": {"book": 2, "bottle": 12, "chair": 22, "cup": 14, "apple": 4, "bread": 17, "tomato": 6, "bowl": 2, "spoon": 3, "fork": 1, "knife": 4, "door": 12, "ladder": 0, "light bulb": 1, "tool": 4, "tap": 0}}
{"id": "d14608ef88c2b6c0", "label": "bottle", "status": "acquired", "counts": {"book": 2, "bottle": 13, "chair": 22, "cup": 14, "apple": 4, "bread": 17, "tomato": 6, "bowl": 2, "spoon": 3, "fork": 1, "knife": 4, "door": 12, "ladder": 0, "light bulb": 1, "tool": 4, "tap": 0}}
{"id": "197dcb8d8fde4afd", "label": "bread", "status": "excluded", "counts": {"book": 2, "bottle": 13, "chair": 22, "cup": 14, "apple": 4, "bread": 17, "tomato": 6, "bowl": 2, "spoon": 3, "fork": 1, "knife": 4, "door": 12, "ladder": 0, "light bulb": 1, "tool": 4, "tap": 0}}
{"id": "7bc500661f0ea2c7", "label": "knife", "status": "acquired", "counts": {"book": 2, "bottle": 13, "chair": 22, "cup": 14, "apple": 4, "bread": 17, "tomato": 6, "bowl": 2, "spoon": 3, "fork": 1, "knife": 5, "door": 12, "ladder": 0, "light bulb": 1, "tool": 4, "tap": 0}}
{"id": "146316cdeb2aef2a", "label": "chair", "status": "acquired", "counts": {"book": 2, "bottle": 13, "chair": 23, "cup": 14, "apple": 4, "bread": 17, "tomato": 6, "bowl": 2, "spoon": 3, "fork": 1, "knife": 5, "door": 12, "ladder": 0, "light bulb": 1, "tool": 4, "tap": 0}}
{"id": "3e810338e95a9cee", "label": "apple", "status": "acquired", "counts": {"book": 2, "bottle": 13, "chair": 23, "cup": 14, "apple": 5, "bread": 17, "tomato": 6, "bowl": 2, "spoon": 3, "fork": 1, "knife": 5, "door": 12, "ladder": 0, "light bulb": 1, "tool": 4, "tap": 0}}
{"id": "9ab7777a0df44542", "label": "door", "status": "acquired", "counts": {"book": 2, "bottle": 13, "chair": 23, "cup": 14, "apple": 5, "bread": 17, "tomato": 6, "bowl": 2, "spoon": 3, "fork": 1, "knife": 5, "door": 13, "ladder": 0, "light bulb": 1, "tool": 4, "tap": 0}}
{"id": "79266540d328ba1d", "label": "chair", "status": "acquired", "counts": {"book": 2, "bottle": 13, "chair": 24, "cup": 14, "apple": 5, "bread": 17, "tomato": 6, "bowl": 2, "spoon": 3, "fork": 1, "knife": 5, "door": 13, "ladder": 0, "light bulb": 1, "tool": 4, "tap": 0}}
{"id": "828da354cdfb382f", "label": "bread", "status": "acquired", "counts": {"book": 2, "bottle": 13, "chair": 24, "cup": 14, "apple": 5, "bread": 18, "tomato": 6, "bowl": 2, "spoon": 3, "fork": 1, "knife": 5, "door": 13, "ladder": 0, "light bulb": 1, "tool": 4, "tap": 0}}
{"id": "51ed77c19fe0c482", "label": "door", "status": "acquired", "counts": {"book": 2, "bottle": 13, "chair": 24, "cup": 14, "apple": 5, "bread": 18, "tomato": 6, "bowl": 2, "spoon": 3, "fork": 1, "knife": 5, "door": 14, "ladder": 0, "light bulb": 1, "tool": 4, "tap": 0}}
{"id": "f7df8148960d3508", "label": "door", "status": "acquired", "counts": {"book": 2, "bottle": 13, "chair": 24, "cup": 14, "apple": 5, "bread": 18, "tomato": 6, "bowl": 2, "spoon": 3, "fork": 1, "knife": 5, "door": 15, "ladder": 0, "light bulb": 1, "tool": 4, "tap": 0}}
{"id": "7b7560a08ded5783", "label": "bread", "status": "acquired", "counts": {"book": 2, "bottle": 13, "chair": 24, "cup": 14, "apple": 5, "bread": 19, "tomato": 6, "bowl": 2, "spoon": 3, "fork": 1, "knife": 5, "door": 15, "ladder": 0, "light bulb": 1, "tool": 4, "tap": 0}}
{"id": "bcfc594021c18774", "label": "chair", "status": "excluded", "counts": {"book": 2, "bottle": 13, "chair": 24, "cup": 14, "apple": 5, "bread": 19, "tomato": 6, "bowl": 2, "spoon": 3, "fork": 1, "knife": 5, "door": 15, "ladder": 0, "light bulb": 1, "tool": 4, "tap": 0}}
{"id": "e6ec25328efef10a", "label": "door", "status": "acquired", "counts": {"book": 2, "bottle": 13, "chair": 24, "cup": 14, "apple": 5, "bread": 19, "tomato": 6, "bowl": 2, "spoon": 3, "fork": 1, "knife": 5, "door": 16, "ladder": 0, "light bulb": 1, "tool": 4, "tap": 0}}
{"id": "2e95d7a799e23e11", "label": "door", "status": "excluded", "counts": {"book": 2, "bottle": 13, "chair": 24, "cup": 14, "apple": 5, "bread": 19, "tomato": 6, "bowl": 2, "spoon": 3, "fork": 1, "knife": 5, "door": 16, "ladder": 0, "light bulb": 1, "tool": 4, "tap": 0}}
{"id": "c89d9010b8b2656e", "label": "door", "status": "acquired", "counts": {"book": 2, "bottle": 13, "chair": 24, "cup": 14, "apple": 5, "bread": 19, "tomato": 6, "bowl": 2, "spoon": 3, "fork": 1, "knife": 5, "door": 17, "ladder": 0, "light bulb": 1, "tool": 4, "tap": 0}}
{"id": "cfa5389b9eeba8f1", "label": "door", "status": "acquired", "counts": {"book": 2, "bottle": 13, "chair": 24, "cup": 14, "apple": 5, "bread": 19, "tomato": 6, "bowl": 2, "spoon": 3, "fork": 1, "knife": 5, "door": 18, "ladder": 0, "light bulb": 1, "tool": 4, "tap": 0}}
{"id": "bf7648f1cec9338a", "label": "bottle", "status": "acquired", "counts": {"book": 2, "bottle": 14, "chair": 24, "cup": 14, "apple": 5, "bread": 19, "tomato": 6, "bowl": 2, "spoon": 3, "fork": 1, "knife": 5, "door": 18, "ladder": 0, "light bulb": 1, "tool": 4, "tap": 0}}
{"id": "bc7b4740914995e2", "label": "door", "status": "acquired", "counts": {"book": 2, "bottle": 14, "chair": 24, "cup": 14, "apple": 5, "bread": 19, "tomato": 6, "bowl": 2, "spoon": 3, "fork": 1, "knife": 5, "door": 19, "ladder": 0, "light bulb": 1, "tool": 4, "tap": 0}}
{"id": "e02fe988857214ce", "label": "door", "status": "excluded", "counts": {"book": 2, "bottle": 14, "chair": 24, "cup": 14, "apple": 5, "bread": 19, "tomato": 6, "bowl": 2, "spoon": 3, "fork": 1, "knife": 5, "door": 19, "ladder": 0, "light bulb": 1, "tool": 4, "tap": 0}}
{"id": "56032f2cef91ea5d", "label": "chair", "status": "excluded", "counts": {"book": 2, "bottle": 14, "chair": 24, "cup": 14, "apple": 5, "bread": 19, "tomato": 6, "bowl": 2, "spoon": 3, "fork": 1, "knife": 5, "door": 19, "ladder": 0, "light bulb": 1, "tool": 4, "tap": 0}}
{"id": "01b9021aa05e6e46", "label": "knife", "status": "acquired", "counts": {"book": 2, "bottle": 14, "chair": 24, "cup": 14, "apple": 5, "bread": 19, "tomato": 6, "bowl": 2, "spoon": 3, "fork": 1, "knife": 6, "door": 19, "ladder": 0, "light bulb": 1, "tool": 4, "tap": 0}}
{"id": "8cf429a0d52fdb0e", "label": "ladder", "status": "acquired", "counts": {"book": 2, "bottle": 14, "chair": 24, "cup": 14, "apple": 5, "bread": 19, "tomato": 6, "bowl": 2, "spoon": 3, "fork": 1, "knife": 6, "door": 19, "ladder": 1, "light bulb": 1, "tool": 4, "tap": 0}}
{"id": "c6dac581c7146f23", "label": "chair", "status": "acquired", "counts": {"book": 2, "bottle": 14, "chair": 25, "cup": 14, "apple": 5, "bread": 19, "tomato": 6, "bowl": 2, "spoon": 3, "fork": 1, "knife": 6, "door": 19, "ladder": 1, "light bulb": 1, "tool": 4, "tap": 0}}
{"id": "5b18b22f53ccc661", "label": "door", "status": "acquired", "counts": {"book": 2, "bottle": 14, "chair": 25, "cup": 14, "apple": 5, "bread": 19, "tomato": 6, "bowl": 2, "spoon": 3, "fork": 1, "knife": 6, "door": 20, "ladder": 1, "light bulb": 1, "tool": 4, "tap": 0}}
{"id": "2830555fb925b7cd", "label": "chair", "status": "acquired", "counts": {"book": 2, "bottle": 14, "chair": 26, "cup": 14, "apple": 5, "bread": 19, "tomato": 6, "bowl": 2, "spoon": 3, "fork": 1, "knife": 6, "door": 20, "ladder": 1, "light bulb": 1, "tool": 4, "tap": 0}}
{"id": "4659ae93e8c76102", "label": "book", "status": "acquired", "counts": {"book": 3, "bottle": 14, "chair": 26, "cup": 14, "apple": 5, "bread": 19, "tomato": 6, "bowl": 2, "spoon": 3, "fork": 1, "knife": 6, "door": 20, "ladder": 1, "light bulb": 1, "tool": 4, "tap": 0}}
{"id": "2cf07a7afa4af69b", "label": "chair", "status": "acquired", "counts": {"book": 3, "bottle": 14, "chair": 27, "cup": 14, "apple": 5, "bread": 19, "tomato": 6, "bowl": 2, "spoon": 3, "fork": 1, "knife": 6, "door": 20, "ladder": 1, "light bulb": 1, "tool": 4, "tap": 0}}
{"id": "f7536f94cafdac52", "label": "ladder", "status": "acquired", "counts": {"book": 3, "bottle": 14, "chair": 27, "cup": 14, "apple": 5, "bread": 19, "tomato": 6, "bowl": 2, "spoon": 3, "fork": 1, "knife": 6, "door": 20, "ladder": 2, "light bulb": 1, "tool": 4, "tap": 0}}
{"id": "edd36b00790e779e", "label": "door", "status": "acquired", "counts": {"book": 3, "bottle": 14, "chair": 27, "cup": 14, "apple": 5, "bread": 19, "tomato": 6, "bowl": 2, "spoon": 3, "fork": 1, "knife": 6, "door": 21, "ladder": 2, "light bulb": 1, "tool": 4, "tap": 0}}
{"id": "e61977ca00802af1", "label": "cup", "status": "acquired", "counts": {"book": 3, "bottle": 14, "chair": 27, "cup": 15, "apple": 5, "bread": 19, "tomato": 6, "bowl": 2, "spoon": 3, "fork": 1, "knife": 6, "door": 21, "ladder": 2, "light bulb": 1, "tool": 4, "tap": 0}}
{"id": "05d75289b426c14a", "label": "bread", "status": "acquired", "counts": {"book": 3, "bottle": 14, "chair": 27, "cup": 15, "apple": 5, "bread": 20, "tomato": 6, "bowl": 2, "spoon": 3, "fork": 1, "knife": 6, "door": 21, "ladder": 2, "light bulb": 1, "tool": 4, "tap": 0}}
{"id": "6c1af88ce6699fbb", "label": "bottle", "status": "acquired", "counts": {"book": 3, "bottle": 15, "chair": 27, "cup": 15, "apple": 5, "bread": 20, "tomato": 6, "bowl": 2, "spoon": 3, "fork": 1, "knife": 6, "door": 21, "ladder": 2, "light bulb": 1, "tool": 4, "tap": 0}}
{"id": "a6fa6e875d6ae7fd", "label": "apple", "status": "acquired", "counts": {"book": 3, "bottle": 15, "chair": 27, "cup": 15, "apple": 6, "bread": 20, "tomato": 6, "bowl": 2, "spoon": 3, "fork": 1, "knife": 6, "door": 21, "ladder": 2, "light bulb": 1, "tool": 4, "tap": 0}}
{"id": "b22b692f610d9810", "label": "cup", "status": "acquired", "counts": {"book": 3, "bottle": 15, "chair": 27, "cup": 16, "apple": 6, "bread": 20, "tomato": 6, "bowl": 2, "spoon": 3, "fork": 1, "knife": 6, "door": 21, "ladder": 2, "light bulb": 1, "tool": 4, "tap": 0}}
{"id": "40e3252f39eee5d3", "label": "tap", "status": "acquired", "counts": {"book": 3, "bottle": 15, "chair": 27, "cup": 16, "apple": 6, "bread": 20, "tomato": 6, "bowl": 2, "spoon": 3, "fork": 1, "knife": 6, "door": 21, "ladder": 2, "light bulb": 1, "tool": 4, "tap": 1}}
{"id": "904ec7162c3b4281", "label": "light bulb", "status": "acquired", "counts": {"book": 3, "bottle": 15, "chair": 27, "cup": 16, "apple": 6, "bread": 20, "tomato": 6, "bowl": 2, "spoon": 3, "fork": 1, "knife": 6, "door": 21, "ladder": 2, "light bulb": 2, "tool": 4, "tap": 1}}
{"id": "00a36f96e31731c4", "label": "bottle", "status": "acquired", "counts": {"book": 3, "bottle": 16, "chair": 27, "cup": 16, "apple": 6, "bread": 20, "tomato": 6, "bowl": 2, "spoon": 3, "fork": 1, "knife": 6, "door": 21, "ladder": 2, "light bulb": 2, "tool": 4, "tap": 1}}
{"id": "df9ea78ce7db5f76", "label": "light bulb", "status": "acquired", "counts": {"book": 3, "bottle": 16, "chair": 27, "cup": 16, "apple": 6, "bread": 20, "tomato": 6, "bowl": 2, "spoon": 3, "fork": 1, "knife": 6, "door": 21, "ladder": 2, "light bulb": 3, "tool": 4, "tap": 1}}
{"id": "f2a54788d0ca6008", "label": "chair", "status": "acquired", "counts": {"book": 3, "bottle": 16, "chair": 28, "cup": 16, "apple": 6, "bread": 20, "tomato": 6, "bowl": 2, "spoon": 3, "fork": 1, "knife": 6, "door": 21, "ladder": 2, "light bulb": 3, "tool": 4, "tap": 1}}
{"id": "63aae2fcaccefba7", "label": "chair", "status": "excluded", "counts": {"book": 3, "bottle": 16, "chair": 28, "cup": 16, "apple": 6, "bread": 20, "tomato": 6, "bowl": 2, "spoon": 3, "fork": 1, "knife": 6, "door": 21, "ladder": 2, "light bulb": 3, "tool": 4, "tap": 1}}
{"id": "53fb8eeae13923c0", "label": "bottle", "status": "acquired", "counts": {"book": 3, "bottle": 17, "chair": 28, "cup": 16, "apple": 6, "bread": 20, "tomato": 6, "bowl": 2, "spoon": 3, "fork": 1, "knife": 6, "door": 21, "ladder": 2, "light bulb": 3, "tool": 4, "tap": 1}}
{"id": "9733ea3be904c0e5", "label": "chair", "status": "acquired", "counts": {"book": 3, "bottle": 17, "chair": 29, "cup": 16, "apple": 6, "bread": 20, "tomato": 6, "bowl": 2, "spoon": 3, "fork": 1, "knife": 6, "door": 21, "ladder": 2, "light bulb": 3, "tool": 4, "tap": 1}}
{"id": "5f69c551dcb4a8eb", "label": "chair", "status": "acquired", "counts": {"book": 3, "bottle": 17, "chair": 30, "cup": 16, "apple": 6, "bread": 20, "tomato": 6, "bowl": 2, "spoon": 3, "fork": 1, "knife": 6, "door": 21, "ladder": 2, "light bulb": 3, "tool": 4, "tap": 1}}
{"id": "a3aade02e5418967", "label": "bowl", "status": "acquired", "counts": {"book": 3, "bottle": 17, "chair": 30, "cup": 16, "apple": 6, "bread": 20, "tomato": 6, "bowl": 3, "spoon": 3, "fork": 1, "knife": 6, "door": 21, "ladder": 2, "light bulb": 3, "tool": 4, "tap": 1}}
{"id": "388da21a69712821", "label": "bread", "status": "acquired", "counts": {"book": 3, "bottle": 17, "chair": 30, "cup": 16, "apple": 6, "bread": 21, "tomato": 6, "bowl": 3, "spoon": 3, "fork": 1, "knife": 6, "door": 21, "ladder": 2, "light bulb": 3, "tool": 4, "tap": 1}}
{"id": "b3a371787f4c2943", "label": "bread", "status": "acquired", "counts": {"book": 3, "bottle": 17, "chair": 30, "cup": 16, "apple": 6, "bread": 22, "tomato": 6, "bowl": 3, "spoon": 3, "fork": 1, "knife": 6, "door": 21, "ladder": 2, "light bulb": 3, "tool": 4, "tap": 1}}
{"id": "6ad3d3e6690da1c8", "label": "chair", "status": "excluded", "counts": {"book": 3, "bottle": 17, "chair": 30, "cup": 16, "apple": 6, "bread": 22, "tomato": 6, "bowl": 3, "spoon": 3, "fork": 1, "knife": 6, "door": 21, "ladder": 2, "light bulb": 3, "tool": 4, "tap": 1}}
{"id": "b2e8313d6d38abf6", "label": "bread", "status": "acquired", "counts": {"book": 3, "bottle": 17, "chair": 30, "cup": 16, "apple": 6, "bread": 23, "tomato": 6, "bowl": 3, "spoon": 3, "fork": 1, "knife": 6, "door": 21, "ladder": 2, "light bulb": 3, "tool": 4, "tap": 1}}
{"id": "71f41b135a5afc9e", "label": "bread", "status": "acquired", "counts": {"book": 3, "bottle": 17, "chair": 30, "cup": 16, "apple": 6, "bread": 24, "tomato": 6, "bowl": 3, "spoon": 3, "fork": 1, "knife": 6, "door": 21, "ladder": 2, "light bulb": 3, "tool": 4, "tap": 1}}
{"id": "140d247f79fc0516", "label": "chair", "status": "acquired", "counts": {"book": 3, "bottle": 17, "chair": 31, "cup": 16, "apple": 6, "bread": 24, "tomato": 6, "bowl": 3, "spoon": 3, "fork": 1, "knife": 6, "door": 21, "ladder": 2, "light bulb": 3, "tool": 4, "tap": 1}}
{"id": "9487ec9df81b2e0d", "label": "tomato", "status": "acquired", "counts": {"book": 3, "bottle": 17, "chair": 31, "cup": 16, "apple": 6, "bread": 24, "tomato": 7, "bowl": 3, "spoon": 3, "fork": 1, "knife": 6, "door": 21, "ladder": 2, "light bulb": 3, "tool": 4, "tap": 1}}
{"id": "910796da8a49348e", "label": "bottle", "status": "acquired", "counts": {"book": 3, "bottle": 18, "chair": 31, "cup": 16, "apple": 6, "bread": 24, "tomato": 7, "bowl": 3, "spoon": 3, "fork": 1, "knife": 6, "door": 21, "ladder": 2, "light bulb": 3, "tool": 4, "tap": 1}}
{"id": "84c3ad460ced2ad9", "label": "spoon", "status": "acquired", "counts": {"book": 3, "bottle": 18, "chair": 31, "cup": 16, "apple": 6, "bread": 24, "tomato": 7, "bowl": 3, "spoon": 4, "fork": 1, "knife": 6, "door": 21, "ladder": 2, "light bulb": 3, "tool": 4, "tap": 1}}
{"id": "4a7f3c551680d8fa", "label": "bread", "status": "acquired", "counts": {"book": 3, "bottle": 18, "chair": 31, "cup": 16, "apple": 6, "bread": 25, "tomato": 7, "bowl": 3, "spoon": 4, "fork": 1, "knife": 6, "door": 21, "ladder": 2, "light bulb": 3, "tool": 4, "tap": 1}}
{"id": "a390d69bbd808688", "label": "door", "status": "excluded", "counts": {"book": 3, "bottle": 18, "chair": 31, "cup": 16, "apple": 6, "bread": 25, "tomato": 7, "bowl": 3, "spoon": 4, "fork": 1, "knife": 6, "door": 21, "ladder": 2, "light bulb": 3, "tool": 4, "tap": 1}}
{"id": "c552e01cc9f3f0be", "label": "apple", "status": "acquired", "counts": {"book": 3, "bottle": 18, "chair": 31, "cup": 16, "apple": 7, "bread": 25, "tomato": 7, "bowl": 3, "spoon": 4, "fork": 1, "knife": 6, "door": 21, "ladder": 2, "light bulb": 3, "tool": 4, "tap": 1}}
{"id": "f6d564bd1a412584", "label": "apple", "status": "acquired", "counts": {"book": 3, "bottle": 18, "chair": 31, "cup": 16, "apple": 8, "bread": 25, "tomato": 7, "bowl": 3, "spoon": 4, "fork": 1, "knife": 6, "door": 21, "ladder": 2, "light bulb": 3, "tool": 4, "tap": 1}}
{"id": "29def08271143710", "label": "chair", "status": "acquired", "counts": {"book": 3, "bottle": 18, "chair": 32, "cup": 16, "apple": 8, "bread": 25, "tomato": 7, "bowl": 3, "spoon": 4, "fork": 1, "knife": 6, "door": 21, "ladder": 2, "light bulb": 3, "tool": 4, "tap": 1}}
{"id": "09e617d9d3120b32", "label": "chair", "status": "acquired", "counts": {"book": 3, "bottle": 18, "chair": 33, "cup": 16, "apple": 8, "bread": 25, "tomato": 7, "bowl": 3, "spoon": 4, "fork": 1, "knife": 6, "door": 21, "ladder": 2, "light bulb": 3, "tool": 4, "tap": 1}}
{"id": "6f0ec741b2b80479", "label": "bread", "status": "excluded", "counts": {"book": 3, "bottle": 18, "chair": 33, "cup": 16, "apple": 8, "bread": 25, "tomato": 7, "bowl": 3, "spoon": 4, "fork": 1, "knife": 6, "door": 21, "ladder": 2, "light bulb": 3, "tool": 4, "tap": 1}}
{"id": "479049d8c178796a", "label": "bread", "status": "acquired", "counts": {"book": 3, "bottle": 18, "chair": 33, "cup": 16, "apple": 8, "bread": 26, "tomato": 7, "bowl": 3, "spoon": 4, "fork": 1, "knife": 6, "door": 21, "ladder": 2, "light bulb": 3, "tool": 4, "tap": 1}}
{"id": "d2e270714f830a69", "label": "cup", "status": "acquired", "counts": {"book": 3, "bottle": 18, "chair": 33, "cup": 17, "apple": 8, "bread": 26, "tomato": 7, "bowl": 3, "spoon": 4, "fork": 1, "knife": 6, "door": 21, "ladder": 2, "light bulb": 3, "tool": 4, "tap": 1}}
{"id": "fa17861c768f5a51", "label": "door", "status": "acquired", "counts": {"book": 3, "bottle": 18, "chair": 33, "cup": 17, "apple": 8, "bread": 26, "tomato": 7, "bowl": 3, "spoon": 4, "fork": 1, "knife": 6, "door": 22, "ladder": 2, "light bulb": 3, "tool": 4, "tap": 1}}
{"id": "7e7f4d365c0603e0", "label": "tomato", "status": "acquired", "counts": {"book": 3, "bottle": 18, "chair": 33, "cup": 17, "apple": 8, "bread": 26, "tomato": 8, "bowl": 3, "spoon": 4, "fork": 1, "knife": 6, "door": 22, "ladder": 2, "light bulb": 3, "tool": 4, "tap": 1}}
{"id": "525ea7e8ed9c752d", "label": "bottle", "status": "excluded", "counts": {"book": 3, "bottle": 18, "chair": 33, "cup": 17, "apple": 8, "bread": 26, "tomato": 8, "bowl": 3, "spoon": 4, "fork": 1, "knife": 6, "door": 22, "ladder": 2, "light bulb": 3, "tool": 4, "tap": 1}}
{"id": "dc72f9887c9bbf3a", "label": "tool", "status": "excluded", "counts": {"book": 3, "bottle": 18, "chair": 33, "cup": 17, "apple": 8, "bread": 26, "tomato": 8, "bowl": 3, "spoon": 4, "fork": 1, "knife": 6, "door": 22, "ladder": 2, "light bulb": 3, "tool": 4, "tap": 1}}
{"id": "3442661addb9a6dc", "label": "chair", "status": "excluded", "counts": {"book": 3, "bottle": 18, "chair": 33, "cup": 17, "apple": 8, "bread": 26, "tomato": 8, "bowl": 3, "spoon": 4, "fork": 1, "knife": 6, "door": 22, "ladder": 2, "light bulb": 3, "tool": 4, "tap": 1}}
{"id": "c3850f8a5eaaeb52", "label": "bottle", "status": "acquired", "counts": {"book": 3, "bottle": 19, "chair": 33, "cup": 17, "apple": 8, "bread": 26, "tomato": 8, "bowl": 3, "spoon": 4, "fork": 1, "knife": 6, "door": 22, "ladder": 2, "light bulb": 3, "tool": 4, "tap": 1}}
{"id": "30684018da0c5afd", "label": "cup", "status": "acquired", "counts": {"book": 3, "bottle": 19, "chair": 33, "cup": 18, "apple": 8, "bread": 26, "tomato": 8, "bowl": 3, "spoon": 4, "fork": 1, "knife": 6, "door": 22, "ladder": 2, "light bulb": 3, "tool": 4, "tap": 1}}
{"id": "5838182af71714c6", "label": "ladder", "status": "acquired", "counts": {"book": 3, "bottle": 19, "chair": 33, "cup": 18, "apple": 8, "bread": 26, "tomato": 8, "bowl": 3, "spoon": 4, "fork": 1, "knife": 6, "door": 22, "ladder": 3, "light bulb": 3, "tool": 4, "tap": 1}}
{"id": "4b6d2916268cea2b", "label": "door", "status": "acquired", "counts": {"book": 3, "bottle": 19, "chair": 33, "cup": 18, "apple": 8, "bread": 26, "tomato": 8, "bowl": 3, "spoon": 4, "fork": 1, "knife": 6, "door": 23, "ladder": 3, "light bulb": 3, "tool": 4, "tap": 1}}
{"id": "c78165afc346ece0", "label": "apple", "status": "acquired", "counts": {"book": 3, "bottle": 19, "chair": 33, "cup": 18, "apple": 9, "bread": 26, "tomato": 8, "bowl": 3, "spoon": 4, "fork": 1, "knife": 6, "door": 23, "ladder": 3, "light bulb": 3, "tool": 4, "tap": 1}}
{"id": "fc81a030ca408faf", "label": "chair", "status": "excluded", "counts": {"book": 3, "bottle": 19, "chair": 33, "cup": 18, "apple": 9, "bread": 26, "tomato": 8, "bowl": 3, "spoon": 4, "fork": 1, "knife": 6, "door": 23, "ladder": 3, "light bulb": 3, "tool": 4, "tap": 1}}
{"id": "50fc4e3695dc7c0e", "label": "cup", "status": "acquired", "counts": {"book": 3, "bottle": 19, "chair": 33, "cup": 19, "apple": 9, "bread": 26, "tomato": 8, "bowl": 3, "spoon": 4, "fork": 1, "knife": 6, "door": 23, "ladder": 3, "light bulb": 3, "tool": 4, "tap": 1}}
{"id": "d03a9e6293d18e28", "label": "chair", "status": "acquired", "counts": {"book": 3, "bottle": 19, "chair": 34, "cup": 19, "apple": 9, "bread": 26, "tomato": 8, "bowl": 3, "spoon": 4, "fork": 1, "knife": 6, "door": 23, "ladder": 3, "light bulb": 3, "tool": 4, "tap": 1}}
{"id": "4c67d72a6508d64c", "label": "bread", "status": "acquired", "counts": {"book": 3, "bottle": 19, "chair": 34, "cup": 19, "apple": 9, "bread": 27, "tomato": 8, "bowl": 3, "spoon": 4, "fork": 1, "knife": 6, "door": 23, "ladder": 3, "light bulb": 3, "tool": 4, "tap": 1}}
{"id": "2ea862bd517bf386", "label": "knife", "status": "acquired", "counts": {"book": 3, "bottle": 19, "chair": 34, "cup": 19, "apple": 9, "bread": 27, "tomato": 8, "bowl": 3, "spoon": 4, "fork": 1, "knife": 7, "door": 23, "ladder": 3, "light bulb": 3, "tool": 4, "tap": 1}}
{"id": "d973420311b00730", "label": "bottle", "status": "acquired", "counts": {"book": 3, "bottle": 20, "chair": 34, "cup": 19, "apple": 9, "bread": 27, "tomato": 8, "bowl": 3, "spoon": 4, "fork": 1, "knife": 7, "door": 23, "ladder": 3, "light bulb": 3, "tool": 4, "tap": 1}}
{"id": "b655ede651e45487", "label": "bottle", "status": "excluded", "counts": {"book": 3, "bottle": 20, "chair": 34, "cup": 19, "apple": 9, "bread": 27, "tomato": 8, "bowl": 3, "spoon": 4, "fork": 1, "knife": 7, "door": 23, "ladder": 3, "light bulb": 3, "tool": 4, "tap": 1}}
{"id": "c479beacc67d4b7d", "label": "chair", "status": "excluded", "counts": {"book": 3, "bottle": 20, "chair": 34, "cup": 19, "apple": 9, "bread": 27, "tomato": 8, "bowl": 3, "spoon": 4, "fork": 1, "knife": 7, "door": 23, "ladder": 3, "light bulb": 3, "tool": 4, "tap": 1}}
{"id": "9d2b3534780535c0", "label": "door", "status": "acquired", "counts": {"book": 3, "bottle": 20, "chair": 34, "cup": 19, "apple": 9, "bread": 27, "tomato": 8, "bowl": 3, "spoon": 4, "fork": 1, "knife": 7, "door": 24, "ladder": 3, "light bulb": 3, "tool": 4, "tap": 1}}
{"id": "d0e26d6efd457fc8", "label": "chair", "status": "acquired", "counts": {"book": 3, "bottle": 20, "chair": 35, "cup": 19, "apple": 9, "bread": 27, "tomato": 8, "bowl": 3, "spoon": 4, "fork": 1, "knife": 7, "door": 24, "ladder": 3, "light bulb": 3, "tool": 4, "tap": 1}}
{"id": "06e011fbb8d24f19", "label": "chair", "status": "acquired", "counts": {"book": 3, "bottle": 20, "chair": 36, "cup": 19, "apple": 9, "bread": 27, "tomato": 8, "bowl": 3, "spoon": 4, "fork": 1, "knife": 7, "door": 24, "ladder": 3, "light bulb": 3, "tool": 4, "tap": 1}}
{"id": "985c35c33118a3c4", "label": "bread", "status": "acquired", "counts": {"book": 3, "bottle": 20, "chair": 36, "cup": 19, "apple": 9, "bread": 28, "tomato": 8, "bowl": 3, "spoon": 4, "fork": 1, "knife": 7, "door": 24, "ladder": 3, "light bulb": 3, "tool": 4, "tap": 1}}
{"id": "62596926e01e5398", "label": "light bulb", "status": "acquired", "counts": {"book": 3, "bottle": 20, "chair": 36, "cup": 19, "apple": 9, "bread": 28, "tomato": 8, "bowl": 3, "spoon": 4, "fork": 1, "knife": 7, "door": 24, "ladder": 3, "light bulb": 4, "tool": 4, "tap": 1}}
{"id": "94de58da0f25a821", "label": "apple", "status": "acquired", "counts": {"book": 3, "bottle": 20, "chair": 36, "cup": 19, "apple": 10, "bread": 28, "tomato": 8, "bowl": 3, "spoon": 4, "fork": 1, "knife": 7, "door": 24, "ladder": 3, "light bulb": 4, "tool": 4, "tap": 1}}
{"id": "00e0a53e14bf2447", "label": "cup", "status": "acquired", "counts": {"book": 3, "bottle": 20, "chair": 36, "cup": 20, "apple": 10, "bread": 28, "tomato": 8, "bowl": 3, "spoon": 4, "fork": 1, "knife": 7, "door": 24, "ladder": 3, "light bulb": 4, "tool": 4, "tap": 1}}
{"id": "e249a613de089b78", "label": "chair", "status": "acquired", "counts": {"book": 3, "bottle": 20, "chair": 37, "cup": 20, "apple": 10, "bread": 28, "tomato": 8, "bowl": 3, "spoon": 4, "fork": 1, "knife": 7, "door": 24, "ladder": 3, "light bulb": 4, "tool": 4, "tap": 1}}
{"id": "8e2a26c7328f8f1f", "label": "chair", "status": "excluded", "counts": {"book": 3, "bottle": 20, "chair": 37, "cup": 20, "apple": 10, "bread": 28, "tomato": 8, "bowl": 3, "spoon": 4, "fork": 1, "knife": 7, "door": 24, "ladder": 3, "light bulb": 4, "tool": 4, "tap": 1}}
{"id": "0864de36d6df03db", "label": "cup", "status": "acquired", "counts": {"book": 3, "bottle": 20, "chair": 37, "cup": 21, "apple": 10, "bread": 28, "tomato": 8, "bowl": 3, "spoon": 4, "fork": 1, "knife": 7, "door": 24, "ladder": 3, "light bulb": 4, "tool": 4, "tap": 1}}
{"id": "826690670ace3be4", "label": "chair", "status": "acquired", "counts": {"book": 3, "bottle": 20, "chair": 38, "cup": 21, "apple": 10, "bread": 28, "tomato": 8, "bowl": 3, "spoon": 4, "fork": 1, "knife": 7, "door": 24, "ladder": 3, "light bulb": 4, "tool": 4, "tap": 1}}
{"id": "45ed28848e14e7e2", "label": "door", "status": "excluded", "counts": {"book": 3, "bottle": 20, "chair": 38, "cup": 21, "apple": 10, "bread": 28, "tomato": 8, "bowl": 3, "spoon": 4, "fork": 1, "knife": 7, "door": 24, "ladder": 3, "light bulb": 4, "tool": 4, "tap": 1}}
{"id": "51d504c4caf76111", "label": "cup", "status": "acquired", "counts": {"book": 3, "bottle": 20, "chair": 38, "cup": 22, "apple": 10, "bread": 28, "tomato": 8, "bowl": 3, "spoon": 4, "fork": 1, "knife": 7, "door": 24, "ladder": 3, "light bulb": 4, "tool": 4, "tap": 1}}
{"id": "6e13d5bed5469154", "label": "door", "status": "acquired", "counts": {"book": 3, "bottle": 20, "chair": 38, "cup": 22, "apple": 10, "bread": 28, "tomato": 8, "bowl": 3, "spoon": 4, "fork": 1, "knife": 7, "door": 25, "ladder": 3, "light bulb": 4, "tool": 4, "tap": 1}}
{"id": "5afe6bb5b737bf04", "label": "cup", "status": "acquired", "counts": {"book": 3, "bottle": 20, "chair": 38, "cup": 23, "apple": 10, "bread": 28, "tomato": 8, "bowl": 3, "spoon": 4, "fork": 1, "knife": 7, "door": 25, "ladder": 3, "light bulb": 4, "tool": 4, "tap": 1}}
{"id": "642432bbaecbccc7", "label": "bottle", "status": "acquired", "counts": {"book": 3, "bottle": 21, "chair": 38, "cup": 23, "apple": 10, "bread": 28, "tomato": 8, "bowl": 3, "spoon": 4, "fork": 1, "knife": 7, "door": 25, "ladder": 3, "light bulb": 4, "tool": 4, "tap": 1}}
{"id": "c643263c50a7ad29", "label": "chair", "status": "excluded", "counts": {"book": 3, "bottle": 21, "chair": 38, "cup": 23, "apple": 10, "bread": 28, "tomato": 8, "bowl": 3, "spoon": 4, "fork": 1, "knife": 7, "door": 25, "ladder": 3, "light bulb": 4, "tool": 4, "tap": 1}}
{"id": "739f06c22d1f1edb", "label": "bottle", "status": "excluded", "counts": {"book": 3, "bottle": 21, "chair": 38, "cup": 23, "apple": 10, "bread": 28, "tomato": 8, "bowl": 3, "spoon": 4, "fork": 1, "knife": 7, "door": 25, "ladder": 3, "light bulb": 4, "tool": 4, "tap": 1}}
{"id": "91e09bc4c8db7631", "label": "cup", "status": "acquired", "counts": {"book": 3, "bottle": 21, "chair": 38, "cup": 24, "apple": 10, "bread": 28, "tomato": 8, "bowl": 3, "spoon": 4, "fork": 1, "knife": 7, "door": 25, "ladder": 3, "light bulb": 4, "tool": 4, "tap": 1}}
{"id": "a183f4972bc4fb3c", "label": "door", "status": "acquired", "counts": {"book": 3, "bottle": 21, "chair": 38, "cup": 24, "apple": 10, "bread": 28, "tomato": 8, "bowl": 3, "spoon": 4, "fork": 1, "knife": 7, "door": 26, "ladder": 3, "light bulb": 4, "tool": 4, "tap": 1}}
{"id": "c765f3e08ac98875", "label": "tomato", "status": "acquired", "counts": {"book": 3, "bottle": 21, "chair": 38, "cup": 24, "apple": 10, "bread": 28, "tomato": 9, "bowl": 3, "spoon": 4, "fork": 1, "knife": 7, "door": 26, "ladder": 3, "light bulb": 4, "tool": 4, "tap": 1}}
{"id": "52072b5c865a4f30", "label": "cup", "status": "acquired", "counts": {"book": 3, "bottle": 21, "chair": 38, "cup": 25, "apple": 10, "bread": 28, "tomato": 9, "bowl": 3, "spoon": 4, "fork": 1, "knife": 7, "door": 26, "ladder": 3, "light bulb": 4, "tool": 4, "tap": 1}}
{"id": "8b78f5c77b5d2cd0", "label": "bowl", "status": "acquired", "counts": {"book": 3, "bottle": 21, "chair": 38, "cup": 25, "apple": 10, "bread": 28, "tomato": 9, "bowl": 4, "spoon": 4, "fork": 1, "knife": 7, "door": 26, "ladder": 3, "light bulb": 4, "tool": 4, "tap": 1}}
{"id": "45b59c6d1a959b8b", "label": "door", "status": "acquired", "counts": {"book": 3, "bottle": 21, "chair": 38, "cup": 25, "apple": 10, "bread": 28, "tomato": 9, "bowl": 4, "spoon": 4, "fork": 1, "knife": 7, "door": 27, "ladder": 3, "light bulb": 4, "tool": 4, "tap": 1}}
{"id": "43559ae2545c628f", "label": "tool", "status": "excluded", "counts": {"book": 3, "bottle": 21, "chair": 38, "cup": 25, "apple": 10, "bread": 28, "tomato": 9, "bowl": 4, "spoon": 4, "fork": 1, "knife": 7, "door": 27, "ladder": 3, "light bulb": 4, "tool": 4, "tap": 1}}
{"id": "22ca223e1e0a48cc", "label": "door", "status": "excluded", "counts": {"book": 3, "bottle": 21, "chair": 38, "cup": 25, "apple": 10, "bread": 28, "tomato": 9, "bowl": 4, "spoon": 4, "fork": 1, "knife": 7, "door": 27, "ladder": 3, "light bulb": 4, "tool": 4, "tap": 1}}
{"id": "3a71be7ae113e593", "label": "chair", "status": "acquired", "counts": {"book": 3, "bottle": 21, "chair": 39, "cup": 25, "apple": 10, "bread": 28, "tomato": 9, "bowl": 4, "spoon": 4, "fork": 1, "knife": 7, "door": 27, "ladder": 3, "light bulb": 4, "tool": 4, "tap": 1}}
{"id": "463a8364b2e4f663", "label": "bread", "status": "excluded", "counts": {"book": 3, "bottle": 21, "chair": 39, "cup": 25, "apple": 10, "bread": 28, "tomato": 9, "bowl": 4, "spoon": 4, "fork": 1, "knife": 7, "door": 27, "ladder": 3, "light bulb": 4, "tool": 4, "tap": 1}}
{"id": "f2a2a1a0095f5d79", "label": "knife", "status": "acquired", "counts": {"book": 3, "bottle": 21, "chair": 39, "cup": 25, "apple": 10, "bread": 28, "tomato": 9, "bowl": 4, "spoon": 4, "fork": 1, "knife": 8, "door": 27, "ladder": 3, "light bulb": 4, "tool": 4, "tap": 1}}
{"id": "976649e55a61ced7", "label": "cup", "status": "acquired", "counts": {"book": 3, "bottle": 21, "chair": 39, "cup": 26, "apple": 10, "bread": 28, "tomato": 9, "bowl": 4, "spoon": 4, "fork": 1, "knife": 8, "door": 27, "ladder": 3, "light bulb": 4, "tool": 4, "tap": 1}}
{"id": "1b3247da6dd5d578", "label": "door", "status": "acquired", "counts": {"book": 3, "bottle": 21, "chair": 39, "cup": 26, "apple": 10, "bread": 28, "tomato": 9, "bowl": 4, "spoon": 4, "fork": 1, "knife": 8, "door": 28, "ladder": 3, "light bulb": 4, "tool": 4, "tap": 1}}
{"id": "8785945834fb5f26", "label": "fork", "status": "acquired", "counts": {"book": 3, "bottle": 21, "chair": 39, "cup": 26, "apple": 10, "bread": 28, "tomato": 9, "bowl": 4, "spoon": 4, "fork": 2, "knife": 8, "door": 28, "ladder": 3, "light bulb": 4, "tool": 4, "tap": 1}}
{"id": "c555449b6fb78409", "label": "fork", "status": "excluded", "counts": {"book": 3, "bottle": 21, "chair": 39, "cup": 26, "apple": 10, "bread": 28, "tomato": 9, "bowl": 4, "spoon": 4, "fork": 2, "knife": 8, "door": 28, "ladder": 3, "light bulb": 4, "tool": 4, "tap": 1}}
{"id": "c4e1dfa2575bfd4e", "label": "bottle", "status": "excluded", "counts": {"book": 3, "bottle": 21, "chair": 39, "cup": 26, "apple": 10, "bread": 28, "tomato": 9, "bowl": 4, "spoon": 4, "fork": 2, "knife": 8, "door": 28, "ladder": 3, "light bulb": 4, "tool": 4, "tap": 1}}
{"id": "8cb7d659e2d0a541", "label": "cup", "status": "acquired", "counts": {"book": 3, "bottle": 21, "chair": 39, "cup": 27, "apple": 10, "bread": 28, "tomato": 9, "bowl": 4, "spoon": 4, "fork": 2, "knife": 8, "door": 28, "ladder": 3, "light bulb": 4, "tool": 4, "tap": 1}}
{"id": "2ace7ed94cce89ee", "label": "door", "status": "acquired", "counts": {"book": 3, "bottle": 21, "chair": 39, "cup": 27, "apple": 10, "bread": 28, "tomato": 9, "bowl": 4, "spoon": 4, "fork": 2, "knife": 8, "door": 29, "ladder": 3, "light bulb": 4, "tool": 4, "tap": 1}}
{"id": "219f6b4afc238049", "label": "bottle", "status": "excluded", "counts": {"book": 3, "bottle": 21, "chair": 39, "cup": 27, "apple": 10, "bread": 28, "tomato": 9, "bowl": 4, "spoon": 4, "fork": 2, "knife": 8, "door": 29, "ladder": 3, "light bulb": 4, "tool": 4, "tap": 1}}
{"id": "cd7f62ec61b117b6", "label": "cup", "status": "excluded", "counts": {"book": 3, "bottle": 21, "chair": 39, "cup": 27, "apple": 10, "bread": 28, "tomato": 9, "bowl": 4, "spoon": 4, "fork": 2, "knife": 8, "door": 29, "ladder": 3, "light bulb": 4, "tool": 4, "tap": 1}}
{"id": "8b52b595f9d8f087", "label": "chair", "status": "acquired", "counts": {"book": 3, "bottle": 21, "chair": 40, "cup": 27, "apple": 10, "bread": 28, "tomato": 9, "bowl": 4, "spoon": 4, "fork": 2, "knife": 8, "door": 29, "ladder": 3, "light bulb": 4, "tool": 4, "tap": 1}}
{"id": "0b1446991b37b4e9", "label": "bread", "status": "acquired", "counts": {"book": 3, "bottle": 21, "chair": 40, "cup": 27, "apple": 10, "bread": 29, "tomato": 9, "bowl": 4, "spoon": 4, "fork": 2, "knife": 8, "door": 29, "ladder": 3, "light bulb": 4, "tool": 4, "tap": 1}}
{"id": "dbfd3450deea8b7a", "label": "bottle", "status": "excluded", "counts": {"book": 3, "bottle": 21, "chair": 40, "cup": 27, "apple": 10, "bread": 29, "tomato": 9, "bowl": 4, "spoon": 4, "fork": 2, "knife": 8, "door": 29, "ladder": 3, "light bulb": 4, "tool": 4, "tap": 1}}
{"id": "62f354d9f1b2bae1", "label": "knife", "status": "acquired", "counts": {"book": 3, "bottle": 21, "chair": 40, "cup": 27, "apple": 10, "bread": 29, "tomato": 9, "bowl": 4, "spoon": 4, "fork": 2, "knife": 9, "door": 29, "ladder": 3, "light bulb": 4, "tool": 4, "tap": 1}}
{"id": "2198847783e240e7", "label": "cup", "status": "excluded", "counts": {"book": 3, "bottle": 21, "chair": 40, "cup": 27, "apple": 10, "bread": 29, "tomato": 9, "bowl": 4, "spoon": 4, "fork": 2, "knife": 9, "door": 29, "ladder": 3, "light bulb": 4, "tool": 4, "tap": 1}}
{"id": "04311ae05c027377", "label": "book", "status": "excluded", "counts": {"book": 3, "bottle": 21, "chair": 40, "cup": 27, "apple": 10, "bread": 29, "tomato": 9, "bowl": 4, "spoon": 4, "fork": 2, "knife": 9, "door": 29, "ladder": 3, "light bulb": 4, "tool": 4, "tap": 1}}
{"id": "c8c1b88b4fdd188d", "label": "bottle", "status": "acquired", "counts": {"book": 3, "bottle": 22, "chair": 40, "cup": 27, "apple": 10, "bread": 29, "tomato": 9, "bowl": 4, "spoon": 4, "fork": 2, "knife": 9, "door": 29, "ladder": 3, "light bulb": 4, "tool": 4, "tap": 1}}
{"id": "6d4f3bfbcc91963b", "label": "bread", "status": "acquired", "counts": {"book": 3, "bottle": 22, "chair": 40, "cup": 27, "apple": 10, "bread": 30, "tomato": 9, "bowl": 4, "spoon": 4, "fork": 2, "knife": 9, "door": 29, "ladder": 3, "light bulb": 4, "tool": 4, "tap": 1}}
{"id": "87f74eb3590027f7", "label": "tomato", "status": "acquired", "counts": {"book": 3, "bottle": 22, "chair": 40, "cup": 27, "apple": 10, "bread": 30, "tomato": 10, "bowl": 4, "spoon": 4, "fork": 2, "knife": 9, "door": 29, "ladder": 3, "light bulb": 4, "tool": 4, "tap": 1}}
{"id": "5acb84ff42036ab5", "label": "tap", "status": "acquired", "counts": {"book": 3, "bottle": 22, "chair": 40, "cup": 27, "apple": 10, "bread": 30, "tomato": 10, "bowl": 4, "spoon": 4, "fork": 2, "knife": 9, "door": 29, "ladder": 3, "light bulb": 4, "tool": 4, "tap": 2}}
{"id": "3a8c046b654f9027", "label": "cup", "status": "acquired", "counts": {"book": 3, "bottle": 22, "chair": 40, "cup": 28, "apple": 10, "bread": 30, "tomato": 10, "bowl": 4, "spoon": 4, "fork": 2, "knife": 9, "door": 29, "ladder": 3, "light bulb": 4, "tool": 4, "tap": 2}}
{"id": "370406d5365f1adf", "label": "bottle", "status": "acquired", "counts": {"book": 3, "bottle": 23, "chair": 40, "cup": 28, "apple": 10, "bread": 30, "tomato": 10, "bowl": 4, "spoon": 4, "fork": 2, "knife": 9, "door": 29, "ladder": 3, "light bulb": 4, "tool": 4, "tap": 2}}
{"id": "0acfa779589204bf", "label": "bottle", "status": "excluded", "counts": {"book": 3, "bottle": 23, "chair": 40, "cup": 28, "apple": 10, "bread": 30, "tomato": 10, "bowl": 4, "spoon": 4, "fork": 2, "knife": 9, "door": 29, "ladder": 3, "light bulb": 4, "tool": 4, "tap": 2}}
{"id": "a234b17c1813407c", "label": "cup", "status": "acquired", "counts": {"book": 3, "bottle": 23, "chair": 40, "cup": 29, "apple": 10, "bread": 30, "tomato": 10, "bowl": 4, "spoon": 4, "fork": 2, "knife": 9, "door": 29, "ladder": 3, "light bulb": 4, "tool": 4, "tap": 2}}
{"id": "e4358aa6077c0a31", "label": "bread", "status": "excluded", "counts": {"book": 3, "bottle": 23, "chair": 40, "cup": 29, "apple": 10, "bread": 30, "tomato": 10, "bowl": 4, "spoon": 4, "fork": 2, "knife": 9, "door": 29, "ladder": 3, "light bulb": 4, "tool": 4, "tap": 2}}
{"id": "7e9c5acdbdcd2381", "label": "tool", "status": "acquired", "counts": {"book": 3, "bottle": 23, "chair": 40, "cup": 29, "apple": 10, "bread": 30, "tomato": 10, "bowl": 4, "spoon": 4, "fork": 2, "knife": 9, "door": 29, "ladder": 3, "light bulb": 4, "tool": 5, "tap": 2}}
{"id": "d1272206b83ad84a", "label": "bread", "status": "acquired", "counts": {"book": 3, "bottle": 23, "chair": 40, "cup": 29, "apple": 10, "bread": 31, "tomato": 10, "bowl": 4, "spoon": 4, "fork": 2, "knife": 9, "door": 29, "ladder": 3, "light bulb": 4, "tool": 5, "tap": 2}}
{"id": "642da121b3b48905", "label": "bread", "status": "acquired", "counts": {"book": 3, "bottle": 23, "chair": 40, "cup": 29, "apple": 10, "bread": 32, "tomato": 10, "bowl": 4, "spoon": 4, "fork": 2, "knife": 9, "door": 29, "ladder": 3, "light bulb": 4, "tool": 5, "tap": 2}}
{"id": "b89df61aedfa9e4f", "label": "door", "status": "excluded", "counts": {"book": 3, "bottle": 23, "chair": 40, "cup": 29, "apple": 10, "bread": 32, "tomato": 10, "bowl": 4, "spoon": 4, "fork": 2, "knife": 9, "door": 29, "ladder": 3, "light bulb": 4, "tool": 5, "tap": 2}}
{"id": "f12da65ede4f822a", "label": "cup", "status": "acquired", "counts": {"book": 3, "bottle": 23, "chair": 40, "cup": 30, "apple": 10, "bread": 32, "tomato": 10, "bowl": 4, "spoon": 4, "fork": 2, "knife": 9, "door": 29, "ladder": 3, "light bulb": 4, "tool": 5, "tap": 2}}
{"id": "8f575d227b696d16", "label": "door", "status": "acquired", "counts": {"book": 3, "bottle": 23, "chair": 40, "cup": 30, "apple": 10, "bread": 32, "tomato": 10, "bowl": 4, "spoon": 4, "fork": 2, "knife": 9, "door": 30, "ladder": 3, "light bulb": 4, "tool": 5, "tap": 2}}
{"id": "fbd2f16697562dd1", "label": "door", "status": "acquired", "counts": {"book": 3, "bottle": 23, "chair": 40, "cup": 30, "apple": 10, "bread": 32, "tomato": 10, "bowl": 4, "spoon": 4, "fork": 2, "knife": 9, "door": 31, "ladder": 3, "light bulb": 4, "tool": 5, "tap": 2}}
{"id": "11dcac4ca5923a58", "label": "tap", "status": "acquired", "counts": {"book": 3, "bottle": 23, "chair": 40, "cup": 30, "apple": 10, "bread": 32, "tomato": 10, "bowl": 4, "spoon": 4, "fork": 2, "knife": 9, "door": 31, "ladder": 3, "light bulb": 4, "tool": 5, "tap": 3}}
{"id": "a236c800d28a7c66", "label": "cup", "status": "excluded", "counts": {"book": 3, "bottle": 23, "chair": 40, "cup": 30, "apple": 10, "bread": 32, "tomato": 10, "bowl": 4, "spoon": 4, "fork": 2, "knife": 9, "door": 31, "ladder": 3, "light bulb": 4, "tool": 5, "tap": 3}}
{"id": "4fb80bb3ff4570a0", "label": "fork", "status": "acquired", "counts": {"book": 3, "bottle": 23, "chair": 40, "cup": 30, "apple": 10, "bread": 32, "tomato": 10, "bowl": 4, "spoon": 4, "fork": 3, "knife": 9, "door": 31, "ladder": 3, "light bulb": 4, "tool": 5, "tap": 3}}
{"id": "b73597a889663f1c", "label": "bottle", "status": "excluded", "counts": {"book": 3, "bottle": 23, "chair": 40, "cup": 30, "apple": 10, "bread": 32, "tomato": 10, "bowl": 4, "spoon": 4, "fork": 3, "knife": 9, "door": 31, "ladder": 3, "light bulb": 4, "tool": 5, "tap": 3}}
{"id": "2beeec409e9639da", "label": "tool", "status": "excluded", "counts": {"book": 3, "bottle": 23, "chair": 40, "cup": 30, "apple": 10, "bread": 32, "tomato": 10, "bowl": 4, "spoon": 4, "fork": 3, "knife": 9, "door": 31, "ladder": 3, "light bulb": 4, "tool": 5, "tap": 3}}
{"id": "98e6698057654eff", "label": "bottle", "status": "excluded", "counts": {"book": 3, "bottle": 23, "chair": 40, "cup": 30, "apple": 10, "bread": 32, "tomato": 10, "bowl": 4, "spoon": 4, "fork": 3, "knife": 9, "door": 31, "ladder": 3, "light bulb": 4, "tool": 5, "tap": 3}}
{"id": "9fb69b92f6fbfa65", "label": "bread", "status": "acquired", "counts": {"book": 3, "bottle": 23, "chair": 40, "cup": 30, "apple": 10, "bread": 33, "tomato": 10, "bowl": 4, "spoon": 4, "fork": 3, "knife": 9, "door": 31, "ladder": 3, "light bulb": 4, "tool": 5, "tap": 3}}
{"id": "618ba0d0e6ddb4ce", "label": "door", "status": "acquired", "counts": {"book": 3, "bottle": 23, "chair": 40, "cup": 30, "apple": 10, "bread": 33, "tomato": 10, "bowl": 4, "spoon": 4, "fork": 3, "knife": 9, "door": 32, "ladder": 3, "light bulb": 4, "tool": 5, "tap": 3}}
{"id": "37d9ec50f9473427", "label": "door", "status": "acquired", "counts": {"book": 3, "bottle": 23, "chair": 40, "cup": 30, "apple": 10, "bread": 33, "tomato": 10, "bowl": 4, "spoon": 4, "fork": 3, "knife": 9, "door": 33, "ladder": 3, "light bulb": 4, "tool": 5, "tap": 3}}
{"id": "b0d7f0c560bff574", "label": "bottle", "status": "acquired", "counts": {"book": 3, "bottle": 24, "chair": 40, "cup": 30, "apple": 10, "bread": 33, "tomato": 10, "bowl": 4, "spoon": 4, "fork": 3, "knife": 9, "door": 33, "ladder": 3, "light bulb": 4, "tool": 5, "tap": 3}}
{"id": "ddebe5a86b2713c4", "label": "cup", "status": "acquired", "counts": {"book": 3, "bottle": 24, "chair": 40, "cup": 31, "apple": 10, "bread": 33, "tomato": 10, "bowl": 4, "spoon": 4, "fork": 3, "knife": 9, "door": 33, "ladder": 3, "light bulb": 4, "tool": 5, "tap": 3}}
{"id": "fad944b6a0b95303", "label": "bottle", "status": "acquired", "counts": {"book": 3, "bottle": 25, "chair": 40, "cup": 31, "apple": 10, "bread": 33, "tomato": 10, "bowl": 4, "spoon": 4, "fork": 3, "knife": 9, "door": 33, "ladder": 3, "light bulb": 4, "tool": 5, "tap": 3}}
{"id": "2dfd267c3b7e0492", "label": "bread", "status": "acquired", "counts": {"book": 3, "bottle": 25, "chair": 40, "cup": 31, "apple": 10, "bread": 34, "tomato": 10, "bowl": 4, "spoon": 4, "fork": 3, "knife": 9, "door": 33, "ladder": 3, "light bulb": 4, "tool": 5, "tap": 3}}
{"id": "6e72dbc6e751522a", "label": "cup", "status": "acquired", "counts": {"book": 3, "bottle": 25, "chair": 40, "cup": 32, "apple": 10, "bread": 34, "tomato": 10, "bowl": 4, "spoon": 4, "fork": 3, "knife": 9, "door": 33, "ladder": 3, "light bulb": 4, "tool": 5, "tap": 3}}
{"id": "b1cae8a8600781c6", "label": "fork", "status": "acquired", "counts": {"book": 3, "bottle": 25, "chair": 40, "cup": 32, "apple": 10, "bread": 34, "tomato": 10, "bowl": 4, "spoon": 4, "fork": 4, "knife": 9, "door": 33, "ladder": 3, "light bulb": 4, "tool": 5, "tap": 3}}
{"id": "398db333224b7657", "label": "bread", "status": "acquired", "counts": {"book": 3, "bottle": 25, "chair": 40, "cup": 32, "apple": 10, "bread": 35, "tomato": 10, "bowl": 4, "spoon": 4, "fork": 4, "knife": 9, "door": 33, "ladder": 3, "light bulb": 4, "tool": 5, "tap": 3}}
{"id": "fdb0cd7bbe63aaa6", "label": "bread", "status": "acquired", "counts": {"book": 3, "bottle": 25, "chair": 40, "cup": 32, "apple": 10, "bread": 36, "tomato": 10, "bowl": 4, "spoon": 4, "fork": 4, "knife": 9, "door": 33, "ladder": 3, "light bulb": 4, "tool": 5, "tap": 3}}
{"id": "e1d5de98ce2559e7", "label": "apple", "status": "excluded", "counts": {"book": 3, "bottle": 25, "chair": 40, "cup": 32, "apple": 10, "bread": 36, "tomato": 10, "bowl": 4, "spoon": 4, "fork": 4, "knife": 9, "door": 33, "ladder": 3, "light bulb": 4, "tool": 5, "tap": 3}}
{"id": "2217a3fb6f66fdd1", "label": "bottle", "status": "excluded", "counts": {"book": 3, "bottle": 25, "chair": 40, "cup": 32, "apple": 10, "bread": 36, "tomato": 10, "bowl": 4, "spoon": 4, "fork": 4, "knife": 9, "door": 33, "ladder": 3, "light bulb": 4, "tool": 5, "tap": 3}}
{"id": "b6fb83d9e81594cd", "label": "apple", "status": "acquired", "counts": {"book": 3, "bottle": 25, "chair": 40, "cup": 32, "apple": 11, "bread": 36, "tomato": 10, "bowl": 4, "spoon": 4, "fork": 4, "knife": 9, "door": 33, "ladder": 3, "light bulb": 4, "tool": 5, "tap": 3}}
{"id": "fd8060d94df19cbf", "label": "bread", "status": "acquired", "counts": {"book": 3, "bottle": 25, "chair": 40, "cup": 32, "apple": 11, "bread": 37, "tomato": 10, "bowl": 4, "spoon": 4, "fork": 4, "knife": 9, "door": 33, "ladder": 3, "light bulb": 4, "tool": 5, "tap": 3}}
{"id": "af7731712f2111b3", "label": "bread", "status": "acquired", "counts": {"book": 3, "bottle": 25, "chair": 40, "cup": 32, "apple": 11, "bread": 38, "tomato": 10, "bowl": 4, "spoon": 4, "fork": 4, "knife": 9, "door": 33, "ladder": 3, "light bulb": 4, "tool": 5, "tap": 3}}
{"id": "45461d8e9c8f8d39", "label": "door", "status": "acquired", "counts": {"book": 3, "bottle": 25, "chair": 40, "cup": 32, "apple": 11, "bread": 38, "tomato": 10, "bowl": 4, "spoon": 4, "fork": 4, "knife": 9, "door": 34, "ladder": 3, "light bulb": 4, "tool": 5, "tap": 3}}
{"id": "f28a0947f06047a9", "label": "tool", "status": "acquired", "counts": {"book": 3, "bottle": 25, "chair": 40, "cup": 32, "apple": 11, "bread": 38, "tomato": 10, "bowl": 4, "spoon": 4, "fork": 4, "knife": 9, "door": 34, "ladder": 3, "light bulb": 4, "tool": 6, "tap": 3}}
{"id": "b4cb895b4eb903a4", "label": "apple", "status": "acquired", "counts": {"book": 3, "bottle": 25, "chair": 40, "cup": 32, "apple": 12, "bread": 38, "tomato": 10, "bowl": 4, "spoon": 4, "fork": 4, "knife": 9, "door": 34, "ladder": 3, "light bulb": 4, "tool": 6, "tap": 3}}
{"id": "82e02465a9c48fd0", "label": "book", "status": "acquired", "counts": {"book": 4, "bottle": 25, "chair": 40, "cup": 32, "apple": 12, "bread": 38, "tomato": 10, "bowl": 4, "spoon": 4, "fork": 4, "knife": 9, "door": 34, "ladder": 3, "light bulb": 4, "tool": 6, "tap": 3}}
{"id": "be1d215b6513ccbd", "label": "cup", "status": "acquired", "counts": {"book": 4, "bottle": 25, "chair": 40, "cup": 33, "apple": 12, "bread": 38, "tomato": 10, "bowl": 4, "spoon": 4, "fork": 4, "knife": 9, "door": 34, "ladder": 3, "light bulb": 4, "tool": 6, "tap": 3}}
{"id": "c12763b3c354b99e", "label": "fork", "status": "acquired", "counts": {"book": 4, "bottle": 25, "chair": 40, "cup": 33, "apple": 12, "bread": 38, "tomato": 10, "bowl": 4, "spoon": 4, "fork": 5, "knife": 9, "door": 34, "ladder": 3, "light bulb": 4, "tool": 6, "tap": 3}}
{"id": "3692c7b2c4697ed9", "label": "tap", "status": "acquired", "counts": {"book": 4, "bottle": 25, "chair": 40, "cup": 33, "apple": 12, "bread": 38, "tomato": 10, "bowl": 4, "spoon": 4, "fork": 5, "knife": 9, "door": 34, "ladder": 3, "light bulb": 4, "tool": 6, "tap": 4}}
{"id": "6f9b7183f5e009f3", "label": "bottle", "status": "acquired", "counts": {"book": 4, "bottle": 26, "chair": 40, "cup": 33, "apple": 12, "bread": 38, "tomato": 10, "bowl": 4, "spoon": 4, "fork": 5, "knife": 9, "door": 34, "ladder": 3, "light bulb": 4, "tool": 6, "tap": 4}}
{"id": "dc24d0bfa98cc138", "label": "cup", "status": "acquired", "counts": {"book": 4, "bottle": 26, "chair": 40, "cup": 34, "apple": 12, "bread": 38, "tomato": 10, "bowl": 4, "spoon": 4, "fork": 5, "knife": 9, "door": 34, "ladder": 3, "light bulb": 4, "tool": 6, "tap": 4}}
{"id": "994c08f855a499b2", "label": "knife", "status": "acquired", "counts": {"book": 4, "bottle": 26, "chair": 40, "cup": 34, "apple": 12, "bread": 38, "tomato": 10, "bowl": 4, "spoon": 4, "fork": 5, "knife": 10, "door": 34, "ladder": 3, "light bulb": 4, "tool": 6, "tap": 4}}
{"id": "9330ef2689faa70d", "label": "knife", "status": "acquired", "counts": {"book": 4, "bottle": 26, "chair": 40, "cup": 34, "apple": 12, "bread": 38, "tomato": 10, "bowl": 4, "spoon": 4, "fork": 5, "knife": 11, "door": 34, "ladder": 3, "light bulb": 4, "tool": 6, "tap": 4}}
{"id": "18c70e4db9166a0c", "label": "bread", "status": "acquired", "counts": {"book": 4, "bottle": 26, "chair": 40, "cup": 34, "apple": 12, "bread": 39, "tomato": 10, "bowl": 4, "spoon": 4, "fork": 5, "knife": 11, "door": 34, "ladder": 3, "light bulb": 4, "tool": 6, "tap": 4}}
{"id": "77153a3efa75f4a4", "label": "bottle", "status": "acquired", "counts": {"book": 4, "bottle": 27, "chair": 40, "cup": 34, "apple": 12, "bread": 39, "tomato": 10, "bowl": 4, "spoon": 4, "fork": 5, "knife": 11, "door": 34, "ladder": 3, "light bulb": 4, "tool": 6, "tap": 4}}
{"id": "e7bfe56ae0a63cee", "label": "spoon", "status": "excluded", "counts": {"book": 4, "bottle": 27, "chair": 40, "cup": 34, "apple": 12, "bread": 39, "tomato": 10, "bowl": 4, "spoon": 4, "fork": 5, "knife": 11, "door": 34, "ladder": 3, "light bulb": 4, "tool": 6, "tap": 4}}
{"id": "87b1fa47c3ed5a92", "label": "door", "status": "excluded", "counts": {"book": 4, "bottle": 27, "chair": 40, "cup": 34, "apple": 12, "bread": 39, "tomato": 10, "bowl": 4, "spoon": 4, "fork": 5, "knife": 11, "door": 34, "ladder": 3, "light bulb": 4, "tool": 6, "tap": 4}}
{"id": "a119ed96a3eb26da", "label": "bottle", "status": "acquired", "counts": {"book": 4, "bottle": 28, "chair": 40, "cup": 34, "apple": 12, "bread": 39, "tomato": 10, "bowl": 4, "spoon": 4, "fork": 5, "knife": 11, "door": 34, "ladder": 3, "light bulb": 4, "tool": 6, "tap": 4}}
{"id": "ba60ca89e6b19d6f", "label": "door", "status": "acquired", "counts": {"book": 4, "bottle": 28, "chair": 40, "cup": 34, "apple": 12, "bread": 39, "tomato": 10, "bowl": 4, "spoon": 4, "fork": 5, "knife": 11, "door": 35, "ladder": 3, "light bulb": 4, "tool": 6, "tap": 4}}
{"id": "caec78807407ad5f", "label": "book", "status": "acquired", "counts": {"book": 5, "bottle": 28, "chair": 40, "cup": 34, "apple": 12, "bread": 39, "tomato": 10, "bowl": 4, "spoon": 4, "fork": 5, "knife": 11, "door": 35, "ladder": 3, "light bulb": 4, "tool": 6, "tap": 4}}
{"id": "6be310892c84cd63", "label": "tap", "status": "acquired", "counts": {"book": 5, "bottle": 28, "chair": 40, "cup": 34, "apple": 12, "bread": 39, "tomato": 10, "bowl": 4, "spoon": 4, "fork": 5, "knife": 11, "door": 35, "ladder": 3, "light bulb": 4, "tool": 6, "tap": 5}}
{"id": "5396526cb47e235e", "label": "bread", "status": "acquired", "counts": {"book": 5, "bottle": 28, "chair": 40, "cup": 34, "apple": 12, "bread": 40, "tomato": 10, "bowl": 4, "spoon": 4, "fork": 5, "knife": 11, "door": 35, "ladder": 3, "light bulb": 4, "tool": 6, "tap": 5}}
{"id": "dd73560ba8ec0c40", "label": "bowl", "status": "acquired", "counts": {"book": 5, "bottle": 28, "chair": 40, "cup": 34, "apple": 12, "bread": 40, "tomato": 10, "bowl": 5, "spoon": 4, "fork": 5, "knife": 11, "door": 35, "ladder": 3, "light bulb": 4, "tool": 6, "tap": 5}}
{"id": "2b0d24e40261ed1a", "label": "bottle", "status": "excluded", "counts": {"book": 5, "bottle": 28, "chair": 40, "cup": 34, "apple": 12, "bread": 40, "tomato": 10, "bowl": 5, "spoon": 4, "fork": 5, "knife": 11, "door": 35, "ladder": 3, "light bulb": 4, "tool": 6, "tap": 5}}
{"id": "e417ab70bcfa87b0", "label": "apple", "status": "acquired", "counts": {"book": 5, "bottle": 28, "chair": 40, "cup": 34, "apple": 13, "bread": 40, "tomato": 10, "bowl": 5, "spoon": 4, "fork": 5, "knife": 11, "door": 35, "ladder": 3, "light bulb": 4, "tool": 6, "tap": 5}}
{"id": "18c116997ddb662b", "label": "cup", "status": "acquired", "counts": {"book": 5, "bottle": 28, "chair": 40, "cup": 35, "apple": 13, "bread": 40, "tomato": 10, "bowl": 5, "spoon": 4, "fork": 5, "knife": 11, "door": 35, "ladder": 3, "light bulb": 4, "tool": 6, "tap": 5}}
{"id": "b3c1dc254d821440", "label": "cup", "status": "acquired", "counts": {"book": 5, "bottle": 28, "chair": 40, "cup": 36, "apple": 13, "bread": 40, "tomato": 10, "bowl": 5, "spoon": 4, "fork": 5, "knife": 11, "door": 35, "ladder": 3, "light bulb": 4, "tool": 6, "tap": 5}}
{"id": "49e6a10cc09950c8", "label": "bottle", "status": "acquired", "counts": {"book": 5, "bottle": 29, "chair": 40, "cup": 36, "apple": 13, "bread": 40, "tomato": 10, "bowl": 5, "spoon": 4, "fork": 5, "knife": 11, "door": 35, "ladder": 3, "light bulb": 4, "tool": 6, "tap": 5}}
{"id": "f62eba79545517b6", "label": "door", "status": "acquired", "counts": {"book": 5, "bottle": 29, "chair": 40, "cup": 36, "apple": 13, "bread": 40, "tomato": 10, "bowl": 5, "spoon": 4, "fork": 5, "knife": 11, "door": 36, "ladder": 3, "light bulb": 4, "tool": 6, "tap": 5}}
{"id": "397a44f4e245a320", "label": "bowl", "status": "acquired", "counts": {"book": 5, "bottle": 29, "chair": 40, "cup": 36, "apple": 13, "bread": 40, "tomato": 10, "bowl": 6, "spoon": 4, "fork": 5, "knife": 11, "door": 36, "ladder": 3, "light bulb": 4, "tool": 6, "tap": 5}}
{"id": "806a438a8ed53680", "label": "door", "status": "acquired", "counts": {"book": 5, "bottle": 29, "chair": 40, "cup": 36, "apple": 13, "bread": 40, "tomato": 10, "bowl": 6, "spoon": 4, "fork": 5, "knife": 11, "door": 37, "ladder": 3, "light bulb": 4, "tool": 6, "tap": 5}}
{"id": "96b573942e14da60", "label": "door", "status": "acquired", "counts": {"book": 5, "bottle": 29, "chair": 40, "cup": 36, "apple": 13, "bread": 40, "tomato": 10, "bowl": 6, "spoon": 4, "fork": 5, "knife": 11, "door": 38, "ladder": 3, "light bulb": 4, "tool": 6, "tap": 5}}
{"id": "1d7929b66a611ea8", "label": "cup", "status": "acquired", "counts": {"book": 5, "bottle": 29, "chair": 40, "cup": 37, "apple": 13, "bread": 40, "tomato": 10, "bowl": 6, "spoon": 4, "fork": 5, "knife": 11, "door": 38, "ladder": 3, "light bulb": 4, "tool": 6, "tap": 5}}
{"id": "1dad771aeed1ded2", "label": "tomato", "status": "excluded", "counts": {"book": 5, "bottle": 29, "chair": 40, "cup": 37, "apple": 13, "bread": 40, "tomato": 10, "bowl": 6, "spoon": 4, "fork": 5, "knife": 11, "door": 38, "ladder": 3, "light bulb": 4, "tool": 6, "tap": 5}}
{"id": "b9e7d028c987593a", "label": "door", "status": "excluded", "counts": {"book": 5, "bottle": 29, "chair": 40, "cup": 37, "apple": 13, "bread": 40, "tomato": 10, "bowl": 6, "spoon": 4, "fork": 5, "knife": 11, "door": 38, "ladder": 3, "light bulb": 4, "tool": 6, "tap": 5}}
{"id": "cb5edca45155e5ba", "label": "apple", "status": "excluded", "counts": {"book": 5, "bottle": 29, "chair": 40, "cup": 37, "apple": 13, "bread": 40, "tomato": 10, "bowl": 6, "spoon": 4, "fork": 5, "knife": 11, "door": 38, "ladder": 3, "light bulb": 4, "tool": 6, "tap": 5}}
{"id": "2d3f93fc7f01d7de", "label": "tomato", "status": "acquired", "counts": {"book": 5, "bottle": 29, "chair": 40, "cup": 37, "apple": 13, "bread": 40, "tomato": 11, "bowl": 6, "spoon": 4, "fork": 5, "knife": 11, "door": 38, "ladder": 3, "light bulb": 4, "tool": 6, "tap": 5}}
{"id": "6a5086b8152cc904", "label": "bottle", "status": "acquired", "counts": {"book": 5, "bottle": 30, "chair": 40, "cup": 37, "apple": 13, "bread": 40, "tomato": 11, "bowl": 6, "spoon": 4, "fork": 5, "knife": 11, "door": 38, "ladder": 3, "light bulb": 4, "tool": 6, "tap": 5}}
{"id": "ffa9e7f7da7dcf15", "label": "tool", "status": "acquired", "counts": {"book": 5, "bottle": 30, "chair": 40, "cup": 37, "apple": 13, "bread": 40, "tomato": 11, "bowl": 6, "spoon": 4, "fork": 5, "knife": 11, "door": 38, "ladder": 3, "light bulb": 4, "tool": 7, "tap": 5}}
{"id": "3ba5380490084697", "label": "bottle", "status": "acquired", "counts": {"book": 5, "bottle": 31, "chair": 40, "cup": 37, "apple": 13, "bread": 40, "tomato": 11, "bowl": 6, "spoon": 4, "fork": 5, "knife": 11, "door": 38, "ladder": 3, "light bulb": 4, "tool": 7, "tap": 5}}
{"id": "24766458a9f83849", "label": "bottle", "status": "acquired", "counts": {"book": 5, "bottle": 32, "chair": 40, "cup": 37, "apple": 13, "bread": 40, "tomato": 11, "bowl": 6, "spoon": 4, "fork": 5, "knife": 11, "door": 38, "ladder": 3, "light bulb": 4, "tool": 7, "tap": 5}}
{"id": "10fd5df6c15ddcad", "label": "bottle", "status": "acquired", "counts": {"book": 5, "bottle": 33, "chair": 40, "cup": 37, "apple": 13, "bread": 40, "tomato": 11, "bowl": 6, "spoon": 4, "fork": 5, "knife": 11, "door": 38, "ladder": 3, "light bulb": 4, "tool": 7, "tap": 5}}
{"id": "fe22d79e59610e02", "label": "cup", "status": "acquired", "counts": {"book": 5, "bottle": 33, "chair": 40, "cup": 38, "apple": 13, "bread": 40, "tomato": 11, "bowl": 6, "spoon": 4, "fork": 5, "knife": 11, "door": 38, "ladder": 3, "light bulb": 4, "tool": 7, "tap": 5}}
{"id": "a2e6c1e4573da24a", "label": "ladder", "status": "acquired", "counts": {"book": 5, "bottle": 33, "chair": 40, "cup": 38, "apple": 13, "bread": 40, "tomato": 11, "bowl": 6, "spoon": 4, "fork": 5, "knife": 11, "door": 38, "ladder": 4, "light bulb": 4, "tool": 7, "tap": 5}}
{"id": "e11dfeb7dbf842fd", "label": "bottle", "status": "acquired", "counts": {"book": 5, "bottle": 34, "chair": 40, "cup": 38, "apple": 13, "bread": 40, "tomato": 11, "bowl": 6, "spoon": 4, "fork": 5, "knife": 11, "door": 38, "ladder": 4, "light bulb": 4, "tool": 7, "tap": 5}}
{"id": "be445decf3070749", "label": "door", "status": "excluded", "counts": {"book": 5, "bottle": 34, "chair": 40, "cup": 38, "apple": 13, "bread": 40, "tomato": 11, "bowl": 6, "spoon": 4, "fork": 5, "knife": 11, "door": 38, "ladder": 4, "light bulb": 4, "tool": 7, "tap": 5}}
{"id": "4736473322f99da5", "label": "door", "status": "acquired", "counts": {"book": 5, "bottle": 34, "chair": 40, "cup": 38, "apple": 13, "bread": 40, "tomato": 11, "bowl": 6, "spoon": 4, "fork": 5, "knife": 11, "door": 39, "ladder": 4, "light bulb": 4, "tool": 7, "tap": 5}}
{"id": "ae959e75982f7893", "label": "bottle", "status": "acquired", "counts": {"book": 5, "bottle": 35, "chair": 40, "cup": 38, "apple": 13, "bread": 40, "tomato": 11, "bowl": 6, "spoon": 4, "fork": 5, "knife": 11, "door": 39, "ladder": 4, "light bulb": 4, "tool": 7, "tap": 5}}
{"id": "cd4e964d17223b05", "label": "bottle", "status": "acquired", "counts": {"book": 5, "bottle": 36, "chair": 40, "cup": 38, "apple": 13, "bread": 40, "tomato": 11, "bowl": 6, "spoon": 4, "fork": 5, "knife": 11, "door": 39, "ladder": 4, "light bulb": 4, "tool": 7, "tap": 5}}
{"id": "82a5ac2763cbcc68", "label": "fork", "status": "acquired", "counts": {"book": 5, "bottle": 36, "chair": 40, "cup": 38, "apple": 13, "bread": 40, "tomato": 11, "bowl": 6, "spoon": 4, "fork": 6, "knife": 11, "door": 39, "ladder": 4, "light bulb": 4, "tool": 7, "tap": 5}}
{"id": "4b523b5b89444fcf", "label": "book", "status": "acquired", "counts": {"book": 6, "bottle": 36, "chair": 40, "cup": 38, "apple": 13, "bread": 40, "tomato": 11, "bowl": 6, "spoon": 4, "fork": 6, "knife": 11, "door": 39, "ladder": 4, "light bulb": 4, "tool": 7, "tap": 5}}
{"id": "a1453b71ca9d7300", "label": "tomato", "status": "acquired", "counts": {"book": 6, "bottle": 36, "chair": 40, "cup": 38, "apple": 13, "bread": 40, "tomato": 12, "bowl": 6, "spoon": 4, "fork": 6, "knife": 11, "door": 39, "ladder": 4, "light bulb": 4, "tool": 7, "tap": 5}}
{"id": "536d4d20aa48fb9b", "label": "cup", "status": "acquired", "counts": {"book": 6, "bottle": 36, "chair": 40, "cup": 39, "apple": 13, "bread": 40, "tomato": 12, "bowl": 6, "spoon": 4, "fork": 6, "knife": 11, "door": 39, "ladder": 4, "light bulb": 4, "tool": 7, "tap": 5}}
{"id": "2a64768abd5a9c65", "label": "tomato", "status": "acquired", "counts": {"book": 6, "bottle": 36, "chair": 40, "cup": 39, "apple": 13, "bread": 40, "tomato": 13, "bowl": 6, "spoon": 4, "fork": 6, "knife": 11, "door": 39, "ladder": 4, "light bulb": 4, "tool": 7, "tap": 5}}
{"id": "8b0efac1156dca24", "label": "door", "status": "acquired", "counts": {"book": 6, "bottle": 36, "chair": 40, "cup": 39, "apple": 13, "bread": 40, "tomato": 13, "bowl": 6, "spoon": 4, "fork": 6, "knife": 11, "door": 40, "ladder": 4, "light bulb": 4, "tool": 7, "tap": 5}}
{"id": "9fd1c62cacd5adb8", "label": "tomato", "status": "excluded", "counts": {"book": 6, "bottle": 36, "chair": 40, "cup": 39, "apple": 13, "bread": 40, "tomato": 13, "bowl": 6, "spoon": 4, "fork": 6, "knife": 11, "door": 40, "ladder": 4, "light bulb": 4, "tool": 7, "tap": 5}}
{"id": "8181c7a25f6be571", "label": "fork", "status": "acquired", "counts": {"book": 6, "bottle": 36, "chair": 40, "cup": 39, "apple": 13, "bread": 40, "tomato": 13, "bowl": 6, "spoon": 4, "fork": 7, "knife": 11, "door": 40, "ladder": 4, "light bulb": 4, "tool": 7, "tap": 5}}
{"id": "8f5895b7b49f26a8", "label": "bottle", "status": "acquired", "counts": {"book": 6, "bottle": 37, "chair": 40, "cup": 39, "apple": 13, "bread": 40, "tomato": 13, "bowl": 6, "spoon": 4, "fork": 7, "knife": 11, "door": 40, "ladder": 4, "light bulb": 4, "tool": 7, "tap": 5}}
{"id": "6e9dcdbee43b0346", "label": "book", "status": "acquired", "counts": {"book": 7, "bottle": 37, "chair": 40, "cup": 39, "apple": 13, "bread": 40, "tomato": 13, "bowl": 6, "spoon": 4, "fork": 7, "knife": 11, "door": 40, "ladder": 4, "light bulb": 4, "tool": 7, "tap": 5}}
{"id": "5242f019fe380dae", "label": "fork", "status": "acquired", "counts": {"book": 7, "bottle": 37, "chair": 40, "cup": 39, "apple": 13, "bread": 40, "tomato": 13, "bowl": 6, "spoon": 4, "fork": 8, "knife": 11, "door": 40, "ladder": 4, "light bulb": 4, "tool": 7, "tap": 5}}
{"id": "72f0f7f4706d7136", "label": "tomato", "status": "excluded", "counts": {"book": 7, "bottle": 37, "chair": 40, "cup": 39, "apple": 13, "bread": 40, "tomato": 13, "bowl": 6, "spoon": 4, "fork": 8, "knife": 11, "door": 40, "ladder": 4, "light bulb": 4, "tool": 7, "tap": 5}}
{"id": "53f1101f35de7efa", "label": "cup", "status": "excluded", "counts": {"book": 7, "bottle": 37, "chair": 40, "cup": 39, "apple": 13, "bread": 40, "tomato": 13, "bowl": 6, "spoon": 4, "fork": 8, "knife": 11, "door": 40, "ladder": 4, "light bulb": 4, "tool": 7, "tap": 5}}
{"id": "a9a1bda7e943bb4e", "label": "fork", "status": "acquired", "counts": {"book": 7, "bottle": 37, "chair": 40, "cup": 39, "apple": 13, "bread": 40, "tomato": 13, "bowl": 6, "spoon": 4, "fork": 9, "knife": 11, "door": 40, "ladder": 4, "light bulb": 4, "tool": 7, "tap": 5}}
{"id": "77331226852edc80", "label": "bottle", "status": "excluded", "counts": {"book": 7, "bottle": 37, "chair": 40, "cup": 39, "apple": 13, "bread": 40, "tomato": 13, "bowl": 6, "spoon": 4, "fork": 9, "knife": 11, "door": 40, "ladder": 4, "light bulb": 4, "tool": 7, "tap": 5}}
{"id": "419d0f32d305cbd0", "label": "cup", "status": "acquired", "counts": {"book": 7, "bottle": 37, "chair": 40, "cup": 40, "apple": 13, "bread": 40, "tomato": 13, "bowl": 6, "spoon": 4, "fork": 9, "knife": 11, "door": 40, "ladder": 4, "light bulb": 4, "tool": 7, "tap": 5}}
{"id": "b63ab07c3423d7f9", "label": "bottle", "status": "acquired", "counts": {"book": 7, "bottle": 38, "chair": 40, "cup": 40, "apple": 13, "bread": 40, "tomato": 13, "bowl": 6, "spoon": 4, "fork": 9, "knife": 11, "door": 40, "ladder": 4, "light bulb": 4, "tool": 7, "tap": 5}}
{"id": "82a697d0de57ea28", "label": "bowl", "status": "acquired", "counts": {"book": 7, "bottle": 38, "chair": 40, "cup": 40, "apple": 13, "bread": 40, "tomato": 13, "bowl": 7, "spoon": 4, "fork": 9, "knife": 11, "door": 40, "ladder": 4, "light bulb": 4, "tool": 7, "tap": 5}}
{"id": "16407cf2533cf584", "label": "bottle", "status": "acquired", "counts": {"book": 7, "bottle": 39, "chair": 40, "cup": 40, "apple": 13, "bread": 40, "tomato": 13, "bowl": 7, "spoon": 4, "fork": 9, "knife": 11, "door": 40, "ladder": 4, "light bulb": 4, "tool": 7, "tap": 5}}
{"id": "bf9fb499b6e991ab", "label": "bottle", "status": "acquired", "counts": {"book": 7, "bottle": 40, "chair": 40, "cup": 40, "apple": 13, "bread": 40, "tomato": 13, "bowl": 7, "spoon": 4, "fork": 9, "knife": 11, "door": 40, "ladder": 4, "light bulb": 4, "tool": 7, "tap": 5}}
{"id": "cf19f03814be8253", "label": "tomato", "status": "excluded", "counts": {"book": 7, "bottle": 40, "chair": 40, "cup": 40, "apple": 13, "bread": 40, "tomato": 13, "bowl": 7, "spoon": 4, "fork": 9, "knife": 11, "door": 40, "ladder": 4, "light bulb": 4, "tool": 7, "tap": 5}}
{"id": "b288431ea661436a", "label": "tomato", "status": "acquired", "counts": {"book": 7, "bottle": 40, "chair": 40, "cup": 40, "apple": 13, "bread": 40, "tomato": 14, "bowl": 7, "spoon": 4, "fork": 9, "knife": 11, "door": 40, "ladder": 4, "light bulb": 4, "tool": 7, "tap": 5}}
{"id": "19aa0e0ad2fa06b6", "label": "book", "status": "acquired", "counts": {"book": 8, "bottle": 40, "chair": 40, "cup": 40, "apple": 13, "bread": 40, "tomato": 14, "bowl": 7, "spoon": 4, "fork": 9, "knife": 11, "door": 40, "ladder": 4, "light bulb": 4, "tool": 7, "tap": 5}}
{"id": "55d391da105421e9", "label": "book", "status": "acquired", "counts": {"book": 9, "bottle": 40, "chair": 40, "cup": 40, "apple": 13, "bread": 40, "tomato": 14, "bowl": 7, "spoon": 4, "fork": 9, "knife": 11, "door": 40, "ladder": 4, "light bulb": 4, "tool": 7, "tap": 5}}
{"id": "4130d94d78c2cec7", "label": "tool", "status": "acquired", "counts": {"book": 9, "bottle": 40, "chair": 40, "cup": 40, "apple": 13, "bread": 40, "tomato": 14, "bowl": 7, "spoon": 4, "fork": 9, "knife": 11, "door": 40, "ladder": 4, "light bulb": 4, "tool": 8, "tap": 5}}
{"id": "0b84e05edd3b63a2", "label": "tool", "status": "acquired", "counts": {"book": 9, "bottle": 40, "chair": 40, "cup": 40, "apple": 13, "bread": 40, "tomato": 14, "bowl": 7, "spoon": 4, "fork": 9, "knife": 11, "door": 40, "ladder": 4, "light bulb": 4, "tool": 9, "tap": 5}}
{"id": "e0c3979f4695b8d3", "label": "tool", "status": "acquired", "counts": {"book": 9, "bottle": 40, "chair": 40, "cup": 40, "apple": 13, "bread": 40, "tomato": 14, "bowl": 7, "spoon": 4, "fork": 9, "knife": 11, "door": 40, "ladder": 4, "light bulb": 4, "tool": 10, "tap": 5}}
{"id": "12a57562dd803949", "label": "light bulb", "status": "acquired", "counts": {"book": 9, "bottle": 40, "chair": 40, "cup": 40, "apple": 13, "bread": 40, "tomato": 14, "bowl": 7, "spoon": 4, "fork": 9, "knife": 11, "door": 40, "ladder": 4, "light bulb": 5, "tool": 10, "tap": 5}}
{"id": "cda86ab0b6a6b053", "label": "tomato", "status": "acquired", "counts": {"book": 9, "bottle": 40, "chair": 40, "cup": 40, "apple": 13, "bread": 40, "tomato": 15, "bowl": 7, "spoon": 4, "fork": 9, "knife": 11, "door": 40, "ladder": 4, "light bulb": 5, "tool": 10, "tap": 5}}
{"id": "fa2a71fdd3a34387", "label": "tool", "status": "acquired", "counts": {"book": 9, "bottle": 40, "chair": 40, "cup": 40, "apple": 13, "bread": 40, "tomato": 15, "bowl": 7, "spoon": 4, "fork": 9, "knife": 11, "door": 40, "ladder": 4, "light bulb": 5, "tool": 11, "tap": 5}}
{"id": "ad8a7dccd533e84e", "label": "book", "status": "acquired", "counts": {"book": 10, "bottle": 40, "chair": 40, "cup": 40, "apple": 13, "bread": 40, "tomato": 15, "bowl": 7, "spoon": 4, "fork": 9, "knife": 11, "door": 40, "ladder": 4, "light bulb": 5, "tool": 11, "tap": 5}}
{"id": "eac4dfdf82776151", "label": "book", "status": "acquired", "counts": {"book": 11, "bottle": 40, "chair": 40, "cup": 40, "apple": 13, "bread": 40, "tomato": 15, "bowl": 7, "spoon": 4, "fork": 9, "knife": 11, "door": 40, "ladder": 4, "light bulb": 5, "tool": 11, "tap": 5}}
{"id": "88e4a839c0ff5fc6", "label": "bowl", "status": "acquired", "counts": {"book": 11, "bottle": 40, "chair": 40, "cup": 40, "apple": 13, "bread": 40, "tomato": 15, "bowl": 8, "spoon": 4, "fork": 9, "knife": 11, "door": 40, "ladder": 4, "light bulb": 5, "tool": 11, "tap": 5}}
{"id": "28251670b2acb11c", "label": "bowl", "status": "acquired", "counts": {"book": 11, "bottle": 40, "chair": 40, "cup": 40, "apple": 13, "bread": 40, "tomato": 15, "bowl": 9, "spoon": 4, "fork": 9, "knife": 11, "door": 40, "ladder": 4, "light bulb": 5, "tool": 11, "tap": 5}}
{"id": "61d4fcd5661df03e", "label": "ladder", "status": "acquired", "counts": {"book": 11, "bottle": 40, "chair": 40, "cup": 40, "apple": 13, "bread": 40, "tomato": 15, "bowl": 9, "spoon": 4, "fork": 9, "knife": 11, "door": 40, "ladder": 5, "light bulb": 5, "tool": 11, "tap": 5}}
{"id": "7c455cd7bb04248b", "label": "bowl", "status": "acquired", "counts": {"book": 11, "bottle": 40, "chair": 40, "cup": 40, "apple": 13, "bread": 40, "tomato": 15, "bowl": 10, "spoon": 4, "fork": 9, "knife": 11, "door": 40, "ladder": 5, "light bulb": 5, "tool": 11, "tap": 5}}
{"id": "a6e26ac77fdf81e0", "label": "knife", "status": "excluded", "counts": {"book": 11, "bottle": 40, "chair": 40, "cup": 40, "apple": 13, "bread": 40, "tomato": 15, "bowl": 10, "spoon": 4, "fork": 9, "knife": 11, "door": 40, "ladder": 5, "light bulb": 5, "tool": 11, "tap": 5}}
{"id": "72d912496b71dc4d", "label": "knife", "status": "excluded", "counts": {"book": 11, "bottle": 40, "chair": 40, "cup": 40, "apple": 13, "bread": 40, "tomato": 15, "bowl": 10, "spoon": 4, "fork": 9, "knife": 11, "door": 40, "ladder": 5, "light bulb": 5, "tool": 11, "tap": 5}}
{"id": "4b00a3af27c5b2c6", "label": "knife", "status": "acquired", "counts": {"book": 11, "bottle": 40, "chair": 40, "cup": 40, "apple": 13, "bread": 40, "tomato": 15, "bowl": 10, "spoon": 4, "fork": 9, "knife": 12, "door": 40, "ladder": 5, "light bulb": 5, "tool": 11, "tap": 5}}
{"id": "df183e9210471a67", "label": "tomato", "status": "excluded", "counts": {"book": 11, "bottle": 40, "chair": 40, "cup": 40, "apple": 13, "bread": 40, "tomato": 15, "bowl": 10, "spoon": 4, "fork": 9, "knife": 12, "door": 40, "ladder": 5, "light bulb": 5, "tool": 11, "tap": 5}}
{"id": "604835415b761f30", "label": "tomato", "status": "acquired", "counts": {"book": 11, "bottle": 40, "chair": 40, "cup": 40, "apple": 13, "bread": 40, "tomato": 16, "bowl": 10, "spoon": 4, "fork": 9, "knife": 12, "door": 40, "ladder": 5, "light bulb": 5, "tool": 11, "tap": 5}}
{"id": "8ec72435b470128e", "label": "light bulb", "status": "acquired", "counts": {"book": 11, "bottle": 40, "chair": 40, "cup": 40, "apple": 13, "bread": 40, "tomato": 16, "bowl": 10, "spoon": 4, "fork": 9, "knife": 12, "door": 40, "ladder": 5, "light bulb": 6, "tool": 11, "tap": 5}}
{"id": "2fe4f21e409f0a56", "label": "apple", "status": "acquired", "counts": {"book": 11, "bottle": 40, "chair": 40, "cup": 40, "apple": 14, "bread": 40, "tomato": 16, "bowl": 10, "spoon": 4, "fork": 9, "knife": 12, "door": 40, "ladder": 5, "light bulb": 6, "tool": 11, "tap": 5}}
{"id": "a4dd75d633c1d657", "label": "apple", "status": "acquired", "counts": {"book": 11, "bottle": 40, "chair": 40, "cup": 40, "apple": 15, "bread": 40, "tomato": 16, "bowl": 10, "spoon": 4, "fork": 9, "knife": 12, "door": 40, "ladder": 5, "light bulb": 6, "tool": 11, "tap": 5}}
{"id": "beb5e12fd1db5c16", "label": "knife", "status": "acquired", "counts": {"book": 11, "bottle": 40, "chair": 40, "cup": 40, "apple": 15, "bread": 40, "tomato": 16, "bowl": 10, "spoon": 4, "fork": 9, "knife": 13, "door": 40, "ladder": 5, "light bulb": 6, "tool": 11, "tap": 5}}
{"id": "78dc9ea17e259573", "label": "book", "status": "excluded", "counts": {"book": 11, "bottle": 40, "chair": 40, "cup": 40, "apple": 15, "bread": 40, "tomato": 16, "bowl": 10, "spoon": 4, "fork": 9, "knife": 13, "door": 40, "ladder": 5, "light bulb": 6, "tool": 11, "tap": 5}}
{"id": "a3504e482ed05705", "label": "tomato", "status": "acquired", "counts": {"book": 11, "bottle": 40, "chair": 40, "cup": 40, "apple": 15, "bread": 40, "tomato": 17, "bowl": 10, "spoon": 4, "fork": 9, "knife": 13, "door": 40, "ladder": 5, "light bulb": 6, "tool": 11, "tap": 5}}
{"id": "fbdc731f2043485a", "label": "bowl", "status": "excluded", "counts": {"book": 11, "bottle": 40, "chair": 40, "cup": 40, "apple": 15, "bread": 40, "tomato": 17, "bowl": 10, "spoon": 4, "fork": 9, "knife": 13, "door": 40, "ladder": 5, "light bulb": 6, "tool": 11, "tap": 5}}
{"id": "0d1c49afcf00e948", "label": "bowl", "status": "acquired", "counts": {"book": 11, "bottle": 40, "chair": 40, "cup": 40, "apple": 15, "bread": 40, "tomato": 17, "bowl": 11, "spoon": 4, "fork": 9, "knife": 13, "door": 40, "ladder": 5, "light bulb": 6, "tool": 11, "tap": 5}}
{"id": "dd8a7bf210628fd7", "label": "book", "status": "acquired", "counts": {"book": 12, "bottle": 40, "chair": 40, "cup": 40, "apple": 15, "bread": 40, "tomato": 17, "bowl": 11, "spoon": 4, "fork": 9, "knife": 13, "door": 40, "ladder": 5, "light bulb": 6, "tool": 11, "tap": 5}}
{"id": "de56f0f451dc1e23", "label": "tomato", "status": "excluded", "counts": {"book": 12, "bottle": 40, "chair": 40, "cup": 40, "apple": 15, "bread": 40, "tomato": 17, "bowl": 11, "spoon": 4, "fork": 9, "knife": 13, "door": 40, "ladder": 5, "light bulb": 6, "tool": 11, "tap": 5}}
{"id": "c0a32ea06e59d966", "label": "apple", "status": "acquired", "counts": {"book": 12, "bottle": 40, "chair": 40, "cup": 40, "apple": 16, "bread": 40, "tomato": 17, "bowl": 11, "spoon": 4, "fork": 9, "knife": 13, "door": 40, "ladder": 5, "light bulb": 6, "tool": 11, "tap": 5}}
{"id": "bb6276dbd6c3ffc9", "label": "bowl", "status": "acquired", "counts": {"book": 12, "bottle": 40, "chair": 40, "cup": 40, "apple": 16, "bread": 40, "tomato": 17, "bowl": 12, "spoon": 4, "fork": 9, "knife": 13, "door": 40, "ladder": 5, "light bulb": 6, "tool": 11, "tap": 5}}
{"id": "3a45f2efe2dce279", "label": "knife", "status": "acquired", "counts": {"book": 12, "bottle": 40, "chair": 40, "cup": 40, "apple": 16, "bread": 40, "tomato": 17, "bowl": 12, "spoon": 4, "fork": 9, "knife": 14, "door": 40, "ladder": 5, "light bulb": 6, "tool": 11, "tap": 5}}
{"id": "9986b0b0115d7425", "label": "tool", "status": "acquired", "counts": {"book": 12, "bottle": 40, "chair": 40, "cup": 40, "apple": 16, "bread": 40, "tomato": 17, "bowl": 12, "spoon": 4, "fork": 9, "knife": 14, "door": 40, "ladder": 5, "light bulb": 6, "tool": 12, "tap": 5}}
{"id": "9777eea35056d962", "label": "tool", "status": "acquired", "counts": {"book": 12, "bottle": 40, "chair": 40, "cup": 40, "apple": 16, "bread": 40, "tomato": 17, "bowl": 12, "spoon": 4, "fork": 9, "knife": 14, "door": 40, "ladder": 5, "light bulb": 6, "tool": 13, "tap": 5}}
{"id": "e3f5c26de2e5735f", "label": "bowl", "status": "acquired", "counts": {"book": 12, "bottle": 40, "chair": 40, "cup": 40, "apple": 16, "bread": 40, "tomato": 17, "bowl": 13, "spoon": 4, "fork": 9, "knife": 14, "door": 40, "ladder": 5, "light bulb": 6, "tool": 13, "tap": 5}}
{"id": "7df68b2ee077520b", "label": "tool", "status": "excluded", "counts": {"book": 12, "bottle": 40, "chair": 40, "cup": 40, "apple": 16, "bread": 40, "tomato": 17, "bowl": 13, "spoon": 4, "fork": 9, "knife": 14, "door": 40, "ladder": 5, "light bulb": 6, "tool": 13, "tap": 5}}
{"id": "3f2fee7cf68ec3ff", "label": "fork", "status": "acquired", "counts": {"book": 12, "bottle": 40, "chair": 40, "cup": 40, "apple": 16, "bread": 40, "tomato": 17, "bowl": 13, "spoon": 4, "fork": 10, "knife": 14, "door": 40, "ladder": 5, "light bulb": 6, "tool": 13, "tap": 5}}
{"id": "8418f1fac7075c18", "label": "knife", "status": "excluded", "counts": {"book": 12, "bottle": 40, "chair": 40, "cup": 40, "apple": 16, "bread": 40, "tomato": 17, "bowl": 13, "spoon": 4, "fork": 10, "knife": 14, "door": 40, "ladder": 5, "light bulb": 6, "tool": 13, "tap": 5}}
{"id": "25beaca253df08d1", "label": "knife", "status": "acquired", "counts": {"book": 12, "bottle": 40, "chair": 40, "cup": 40, "apple": 16, "bread": 40, "tomato": 17, "bowl": 13, "spoon": 4, "fork": 10, "knife": 15, "door": 40, "ladder": 5, "light bulb": 6, "tool": 13, "tap": 5}}
{"id": "faa37eb10c33a297", "label": "knife", "status": "acquired", "counts": {"book": 12, "bottle": 40, "chair": 40, "cup": 40, "apple": 16, "bread": 40, "tomato": 17, "bowl": 13, "spoon": 4, "fork": 10, "knife": 16, "door": 40, "ladder": 5, "light bulb": 6, "tool": 13, "tap": 5}}
{"id": "950617238743472f", "label": "light bulb", "status": "acquired", "counts": {"book": 12, "bottle": 40, "chair": 40, "cup": 40, "apple": 16, "bread": 40, "tomato": 17, "bowl": 13, "spoon": 4, "fork": 10, "knife": 16, "door": 40, "ladder": 5, "light bulb": 7, "tool": 13, "tap": 5}}
{"id": "52091ae4e804074f", "label": "ladder", "status": "acquired", "counts": {"book": 12, "bottle": 40, "chair": 40, "cup": 40, "apple": 16, "bread": 40, "tomato": 17, "bowl": 13, "spoon": 4, "fork": 10, "knife": 16, "door": 40, "ladder": 6, "light bulb": 7, "tool": 13, "tap": 5}}
{"id": "026fa3777c04b863", "label": "fork", "status": "acquired", "counts": {"book": 12, "bottle": 40, "chair": 40, "cup": 40, "apple": 16, "bread": 40, "tomato": 17, "bowl": 13, "spoon": 4, "fork": 11, "knife": 16, "door": 40, "ladder": 6, "light bulb": 7, "tool": 13, "tap": 5}}
{"id": "0c1574422512912a", "label": "tomato", "status": "acquired", "counts": {"book": 12, "bottle": 40, "chair": 40, "cup": 40, "apple": 16, "bread": 40, "tomato": 18, "bowl": 13, "spoon": 4, "fork": 11, "knife": 16, "door": 40, "ladder": 6, "light bulb": 7, "tool": 13, "tap": 5}}
{"id": "584110c20a4695d9", "label": "tap", "status": "excluded", "counts": {"book": 12, "bottle": 40, "chair": 40, "cup": 40, "apple": 16, "bread": 40, "tomato": 18, "bowl": 13, "spoon": 4, "fork": 11, "knife": 16, "door": 40, "ladder": 6, "light bulb": 7, "tool": 13, "tap": 5}}
{"id": "e45aebb5fe97f529", "label": "tool", "status": "excluded", "counts": {"book": 12, "bottle": 40, "chair": 40, "cup": 40, "apple": 16, "bread": 40, "tomato": 18, "bowl": 13, "spoon": 4, "fork": 11, "knife": 16, "door": 40, "ladder": 6, "light bulb": 7, "tool": 13, "tap": 5}}
{"id": "b64b82191136fc67", "label": "tomato", "status": "excluded", "counts": {"book": 12, "bottle": 40, "chair": 40, "cup": 40, "apple": 16, "bread": 40, "tomato": 18, "bowl": 13, "spoon": 4, "fork": 11, "knife": 16, "door": 40, "ladder": 6, "light bulb": 7, "tool": 13, "tap": 5}}
{"id": "8c3a108e102e3414", "label": "apple", "status": "acquired", "counts": {"book": 12, "bottle": 40, "chair": 40, "cup": 40, "apple": 17, "bread": 40, "tomato": 18, "bowl": 13, "spoon": 4, "fork": 11, "knife": 16, "door": 40, "ladder": 6, "light bulb": 7, "tool": 13, "tap": 5}}
{"id": "873628ec277af241", "label": "fork", "status": "acquired", "counts": {"book": 12, "bottle": 40, "chair": 40, "cup": 40, "apple": 17, "bread": 40, "tomato": 18, "bowl": 13, "spoon": 4, "fork": 12, "knife": 16, "door": 40, "ladder": 6, "light bulb": 7, "tool": 13, "tap": 5}}
{"id": "1b7fae3b7e77482a", "label": "spoon", "status": "acquired", "counts": {"book": 12, "bottle": 40, "chair": 40, "cup": 40, "apple": 17, "bread": 40, "tomato": 18, "bowl": 13, "spoon": 5, "fork": 12, "knife": 16, "door": 40, "ladder": 6, "light bulb": 7, "tool": 13, "tap": 5}}
{"id": "da63edd808035c0c", "label": "spoon", "status": "acquired", "counts": {"book": 12, "bottle": 40, "chair": 40, "cup": 40, "apple": 17, "bread": 40, "tomato": 18, "bowl": 13, "spoon": 6, "fork": 12, "knife": 16, "door": 40, "ladder": 6, "light bulb": 7, "tool": 13, "tap": 5}}
{"id": "172a9a6ce2fd2fe8", "label": "spoon", "status": "acquired", "counts": {"book": 12, "bottle": 40, "chair": 40, "cup": 40, "apple": 17, "bread": 40, "tomato": 18, "bowl": 13, "spoon": 7, "fork": 12, "knife": 16, "door": 40, "ladder": 6, "light bulb": 7, "tool": 13, "tap": 5}}
{"id": "bc857cdddd5c152e", "label": "knife", "status": "acquired", "counts": {"book": 12, "bottle": 40, "chair": 40, "cup": 40, "apple": 17, "bread": 40, "tomato": 18, "bowl": 13, "spoon": 7, "fork": 12, "knife": 17, "door": 40, "ladder": 6, "light bulb": 7, "tool": 13, "tap": 5}}
{"id": "30a9f82f3fc6290f", "label": "tool", "status": "excluded", "counts": {"book": 12, "bottle": 40, "chair": 40, "cup": 40, "apple": 17, "bread": 40, "tomato": 18, "bowl": 13, "spoon": 7, "fork": 12, "knife": 17, "door": 40, "ladder": 6, "light bulb": 7, "tool": 13, "tap": 5}}
{"id": "f4721d94d13eebf7", "label": "tomato", "status": "excluded", "counts": {"book": 12, "bottle": 40, "chair": 40, "cup": 40, "apple": 17, "bread": 40, "tomato": 18, "bowl": 13, "spoon": 7, "fork": 12, "knife": 17, "door": 40, "ladder": 6, "light bulb": 7, "tool": 13, "tap": 5}}
{"id": "977a8c52ee7d6be8", "label": "tap", "status": "excluded", "counts": {"book": 12, "bottle": 40, "chair": 40, "cup": 40, "apple": 17, "bread": 40, "tomato": 18, "bowl": 13, "spoon": 7, "fork": 12, "knife": 17, "door": 40, "ladder": 6, "light bulb": 7, "tool": 13, "tap": 5}}
{"id": "3ecead421079f9fd", "label": "tap", "status": "acquired", "counts": {"book": 12, "bottle": 40, "chair": 40, "cup": 40, "apple": 17, "bread": 40, "tomato": 18, "bowl": 13, "spoon": 7, "fork": 12, "knife": 17, "door": 40, "ladder": 6, "light bulb": 7, "tool": 13, "tap": 6}}
{"id": "9e24ba242c709611", "label": "tap", "status": "acquired", "counts": {"book": 12, "bottle": 40, "chair": 40, "cup": 40, "apple": 17, "bread": 40, "tomato": 18, "bowl": 13, "spoon": 7, "fork": 12, "knife": 17, "door": 40, "ladder": 6, "light bulb": 7, "tool": 13, "tap": 7}}
{"id": "11c2bb617ebe2159", "label": "tap", "status": "acquired", "counts": {"book": 12, "bottle": 40, "chair": 40, "cup": 40, "apple": 17, "bread": 40, "tomato": 18, "bowl": 13, "spoon": 7, "fork": 12, "knife": 17, "door": 40, "ladder": 6, "light bulb": 7, "tool": 13, "tap": 8}}
{"id": "ca7eab093b5ae2cc", "label": "book", "status": "excluded", "counts": {"book": 12, "bottle": 40, "chair": 40, "cup": 40, "apple": 17, "bread": 40, "tomato": 18, "bowl": 13, "spoon": 7, "fork": 12, "knife": 17, "door": 40, "ladder": 6, "light bulb": 7, "tool": 13, "tap": 8}}
{"id": "ca8c48ccc6ac200a", "label": "knife", "status": "acquired", "counts": {"book": 12, "bottle": 40, "chair": 40, "cup": 40, "apple": 17, "bread": 40, "tomato": 18, "bowl": 13, "spoon": 7, "fork": 12, "knife": 18, "door": 40, "ladder": 6, "light bulb": 7, "tool": 13, "tap": 8}}
{"id": "293d859331b7f36d", "label": "ladder", "status": "acquired", "counts": {"book": 12, "bottle": 40, "chair": 40, "cup": 40, "apple": 17, "bread": 40, "tomato": 18, "bowl": 13, "spoon": 7, "fork": 12, "knife": 18, "door": 40, "ladder": 7, "light bulb": 7, "tool": 13, "tap": 8}}
{"id": "41e2356b97f775c4", "label": "apple", "status": "acquired", "counts": {"book": 12, "bottle": 40, "chair": 40, "cup": 40, "apple": 18, "bread": 40, "tomato": 18, "bowl": 13, "spoon": 7, "fork": 12, "knife": 18, "door": 40, "ladder": 7, "light bulb": 7, "tool": 13, "tap": 8}}
{"id": "11ae509831884a5f", "label": "tool", "status": "acquired", "counts": {"book": 12, "bottle": 40, "chair": 40, "cup": 40, "apple": 18, "bread": 40, "tomato": 18, "bowl": 13, "spoon": 7, "fork": 12, "knife": 18, "door": 40, "ladder": 7, "light bulb": 7, "tool": 14, "tap": 8}}
{"id": "fd96bc99468d66c2", "label": "spoon", "status": "acquired", "counts": {"book": 12, "bottle": 40, "chair": 40, "cup": 40, "apple": 18, "bread": 40, "tomato": 18, "bowl": 13, "spoon": 8, "fork": 12, "knife": 18, "door": 40, "ladder": 7, "light bulb": 7, "tool": 14, "tap": 8}}
{"id": "35ea339c169f30cf", "label": "tomato", "status": "acquired", "counts": {"book": 12, "bottle": 40, "chair": 40, "cup": 40, "apple": 18, "bread": 40, "tomato": 19, "bowl": 13, "spoon": 8, "fork": 12, "knife": 18, "door": 40, "ladder": 7, "light bulb": 7, "tool": 14, "tap": 8}}
{"id": "1cd9ac0169ec7df0", "label": "book", "status": "acquired", "counts": {"book": 13, "bottle": 40, "chair": 40, "cup": 40, "apple": 18, "bread": 40, "tomato": 19, "bowl": 13, "spoon": 8, "fork": 12, "knife": 18, "door": 40, "ladder": 7, "light bulb": 7, "tool": 14, "tap": 8}}
{"id": "05a18d04f2f02d4b", "label": "tap", "status": "acquired", "counts": {"book": 13, "bottle": 40, "chair": 40, "cup": 40, "apple": 18, "bread": 40, "tomato": 19, "bowl": 13, "spoon": 8, "fork": 12, "knife": 18, "door": 40, "ladder": 7, "light bulb": 7, "tool": 14, "tap": 9}}
{"id": "96657f71a20cac23", "label": "tap", "status": "excluded", "counts": {"book": 13, "bottle": 40, "chair": 40, "cup": 40, "apple": 18, "bread": 40, "tomato": 19, "bowl": 13, "spoon": 8, "fork": 12, "knife": 18, "door": 40, "ladder": 7, "light bulb": 7, "tool": 14, "tap": 9}}
{"id": "fdc8c9fe489d9cad", "label": "tomato", "status": "acquired", "counts": {"book": 13, "bottle": 40, "chair": 40, "cup": 40, "apple": 18, "bread": 40, "tomato": 20, "bowl": 13, "spoon": 8, "fork": 12, "knife": 18, "door": 40, "ladder": 7, "light bulb": 7, "tool": 14, "tap": 9}}
{"id": "6ab02586d473f610", "label": "tomato", "status": "excluded", "counts": {"book": 13, "bottle": 40, "chair": 40, "cup": 40, "apple": 18, "bread": 40, "tomato": 20, "bowl": 13, "spoon": 8, "fork": 12, "knife": 18, "door": 40, "ladder": 7, "light bulb": 7, "tool": 14, "tap": 9}}
{"id": "1b8500e0e4938e77", "label": "bowl", "status": "acquired", "counts": {"book": 13, "bottle": 40, "chair": 40, "cup": 40, "apple": 18, "bread": 40, "tomato": 20, "bowl": 14, "spoon": 8, "fork": 12, "knife": 18, "door": 40, "ladder": 7, "light bulb": 7, "tool": 14, "tap": 9}}
{"id": "09df63bd01367ca3", "label": "tool", "status": "acquired", "counts": {"book": 13, "bottle": 40, "chair": 40, "cup": 40, "apple": 18, "bread": 40, "tomato": 20, "bowl": 14, "spoon": 8, "fork": 12, "knife": 18, "door": 40, "ladder": 7, "light bulb": 7, "tool": 15, "tap": 9}}
{"id": "554d3f63a3761118", "label": "ladder", "status": "excluded", "counts": {"book": 13, "bottle": 40, "chair": 40, "cup": 40, "apple": 18, "bread": 40, "tomato": 20, "bowl": 14, "spoon": 8, "fork": 12, "knife": 18, "door": 40, "ladder": 7, "light bulb": 7, "tool": 15, "tap": 9}}
{"id": "a34275c238d98efa", "label": "apple", "status": "acquired", "counts": {"book": 13, "bottle": 40, "chair": 40, "cup": 40, "apple": 19, "bread": 40, "tomato": 20, "bowl": 14, "spoon": 8, "fork": 12, "knife": 18, "door": 40, "ladder": 7, "light bulb": 7, "tool": 15, "tap": 9}}
{"id": "078821d86db99fc9", "label": "apple", "status": "acquired", "counts": {"book": 13, "bottle": 40, "chair": 40, "cup": 40, "apple": 20, "bread": 40, "tomato": 20, "bowl": 14, "spoon": 8, "fork": 12, "knife": 18, "door": 40, "ladder": 7, "light bulb": 7, "tool": 15, "tap": 9}}
{"id": "92b801786d58976e", "label": "tap", "status": "acquired", "counts": {"book": 13, "bottle": 40, "chair": 40, "cup": 40, "apple": 20, "bread": 40, "tomato": 20, "bowl": 14, "spoon": 8, "fork": 12, "knife": 18, "door": 40, "ladder": 7, "light bulb": 7, "tool": 15, "tap": 10}}
{"id": "2c61b27dc1b6ad2b", "label": "ladder", "status": "excluded", "counts": {"book": 13, "bottle": 40, "chair": 40, "cup": 40, "apple": 20, "bread": 40, "tomato": 20, "bowl": 14, "spoon": 8, "fork": 12, "knife": 18, "door": 40, "ladder": 7, "light bulb": 7, "tool": 15, "tap": 10}}
{"id": "660d9da6ee37e994", "label": "spoon", "status": "excluded", "counts": {"book": 13, "bottle": 40, "chair": 40, "cup": 40, "apple": 20, "bread": 40, "tomato": 20, "bowl": 14, "spoon": 8, "fork": 12, "knife": 18, "door": 40, "ladder": 7, "light bulb": 7, "tool": 15, "tap": 10}}
{"id": "f3ea587606734ea0", "label": "fork", "status": "acquired", "counts": {"book": 13, "bottle": 40, "chair": 40, "cup": 40, "apple": 20, "bread": 40, "tomato": 20, "bowl": 14, "spoon": 8, "fork": 13, "knife": 18, "door": 40, "ladder": 7, "light bulb": 7, "tool": 15, "tap": 10}}
{"id": "1fb17ef223fd37dc", "label": "knife", "status": "acquired", "counts": {"book": 13, "bottle": 40, "chair": 40, "cup": 40, "apple": 20, "bread": 40, "tomato": 20, "bowl": 14, "spoon": 8, "fork": 13, "knife": 19, "door": 40, "ladder": 7, "light bulb": 7, "tool": 15, "tap": 10}}
{"id": "d1e768bb7d35f85f", "label": "bowl", "status": "acquired", "counts": {"book": 13, "bottle": 40, "chair": 40, "cup": 40, "apple": 20, "bread": 40, "tomato": 20, "bowl": 15, "spoon": 8, "fork": 13, "knife": 19, "door": 40, "ladder": 7, "light bulb": 7, "tool": 15, "tap": 10}}
{"id": "9b5eb86f3f5e1ca8", "label": "fork", "status": "acquired", "counts": {"book": 13, "bottle": 40, "chair": 40, "cup": 40, "apple": 20, "bread": 40, "tomato": 20, "bowl": 15, "spoon": 8, "fork": 14, "knife": 19, "door": 40, "ladder": 7, "light bulb": 7, "tool": 15, "tap": 10}}
{"id": "1fc8f41dad194e06", "label": "bowl", "status": "acquired", "counts": {"book": 13, "bottle": 40, "chair": 40, "cup": 40, "apple": 20, "bread": 40, "tomato": 20, "bowl": 16, "spoon": 8, "fork": 14, "knife": 19, "door": 40, "ladder": 7, "light bulb": 7, "tool": 15, "tap": 10}}
{"id": "d60e1c25e87d8b45", "label": "tap", "status": "acquired", "counts": {"book": 13, "bottle": 40, "chair": 40, "cup": 40, "apple": 20, "bread": 40, "tomato": 20, "bowl": 16, "spoon": 8, "fork": 14, "knife": 19, "door": 40, "ladder": 7, "light bulb": 7, "tool": 15, "tap": 11}}
{"id": "c0956222b572b19e", "label": "ladder", "status": "acquired", "counts": {"book": 13, "bottle": 40, "chair": 40, "cup": 40, "apple": 20, "bread": 40, "tomato": 20, "bowl": 16, "spoon": 8, "fork": 14, "knife": 19, "door": 40, "ladder": 8, "light bulb": 7, "tool": 15, "tap": 11}}
{"id": "1228bfe2f3dc2d29", "label": "tool", "status": "acquired", "counts": {"book": 13, "bottle": 40, "chair": 40, "cup": 40, "apple": 20, "bread": 40, "tomato": 20, "bowl": 16, "spoon": 8, "fork": 14, "knife": 19, "door": 40, "ladder": 8, "light bulb": 7, "tool": 16, "tap": 11}}
{"id": "688b68d6f8fdb47c", "label": "light bulb", "status": "acquired", "counts": {"book": 13, "bottle": 40, "chair": 40, "cup": 40, "apple": 20, "bread": 40, "tomato": 20, "bowl": 16, "spoon": 8, "fork": 14, "knife": 19, "door": 40, "ladder": 8, "light bulb": 8, "tool": 16, "tap": 11}}
{"id": "139eff8e41ec7a68", "label": "tomato", "status": "acquired", "counts": {"book": 13, "bottle": 40, "chair": 40, "cup": 40, "apple": 20, "bread": 40, "tomato": 21, "bowl": 16, "spoon": 8, "fork": 14, "knife": 19, "door": 40, "ladder": 8, "light bulb": 8, "tool": 16, "tap": 11}}
{"id": "5b11689076a3cc49", "label": "knife", "status": "acquired", "counts": {"book": 13, "bottle": 40, "chair": 40, "cup": 40, "apple": 20, "bread": 40, "tomato": 21, "bowl": 16, "spoon": 8, "fork": 14, "knife": 20, "door": 40, "ladder": 8, "light bulb": 8, "tool": 16, "tap": 11}}
{"id": "76e3755537c9566c", "label": "tool", "status": "acquired", "counts": {"book": 13, "bottle": 40, "chair": 40, "cup": 40, "apple": 20, "bread": 40, "tomato": 21, "bowl": 16, "spoon": 8, "fork": 14, "knife": 20, "door": 40, "ladder": 8, "light bulb": 8, "tool": 17, "tap": 11}}
{"id": "d86cf0df79bf2130", "label": "tomato", "status": "acquired", "counts": {"book": 13, "bottle": 40, "chair": 40, "cup": 40, "apple": 20, "bread": 40, "tomato": 22, "bowl": 16, "spoon": 8, "fork": 14, "knife": 20, "door": 40, "ladder": 8, "light bulb": 8, "tool": 17, "tap": 11}}
{"id": "36214fe6cfba1273", "label": "knife", "status": "acquired", "counts": {"book": 13, "bottle": 40, "chair": 40, "cup": 40, "apple": 20, "bread": 40, "tomato": 22, "bowl": 16, "spoon": 8, "fork": 14, "knife": 21, "door": 40, "ladder": 8, "light bulb": 8, "tool": 17, "tap": 11}}
{"id": "066a928c92d07120", "label": "tap", "status": "acquired", "counts": {"book": 13, "bottle": 40, "chair": 40, "cup": 40, "apple": 20, "bread": 40, "tomato": 22, "bowl": 16, "spoon": 8, "fork": 14, "knife": 21, "door": 40, "ladder": 8, "light bulb": 8, "tool": 17, "tap": 12}}
{"id": "ec737163fc7941cb", "label": "ladder", "status": "acquired", "counts": {"book": 13, "bottle": 40, "chair": 40, "cup": 40, "apple": 20, "bread": 40, "tomato": 22, "bowl": 16, "spoon": 8, "fork": 14, "knife": 21, "door": 40, "ladder": 9, "light bulb": 8, "tool": 17, "tap": 12}}
{"id": "0e88bb0edb41c82c", "label": "fork", "status": "acquired", "counts": {"book": 13, "bottle": 40, "chair": 40, "cup": 40, "apple": 20, "bread": 40, "tomato": 22, "bowl": 16, "spoon": 8, "fork": 15, "knife": 21, "door": 40, "ladder": 9, "light bulb": 8, "tool": 17, "tap": 12}}
{"id": "86d9831d371c89c3", "label": "tomato", "status": "acquired", "counts": {"book": 13, "bottle": 40, "chair": 40, "cup": 40, "apple": 20, "bread": 40, "tomato": 23, "bowl": 16, "spoon": 8, "fork": 15, "knife": 21, "door": 40, "ladder": 9, "light bulb": 8, "tool": 17, "tap": 12}}
{"id": "fedfbecc33a7a5fb", "label": "tool", "status": "excluded", "counts": {"book": 13, "bottle": 40, "chair": 40, "cup": 40, "apple": 20, "bread": 40, "tomato": 23, "bowl": 16, "spoon": 8, "fork": 15, "knife": 21, "door": 40, "ladder": 9, "light bulb": 8, "tool": 17, "tap": 12}}
{"id": "3110a68f30fd100f", "label": "bowl", "status": "acquired", "counts": {"book": 13, "bottle": 40, "chair": 40, "cup": 40, "apple": 20, "bread": 40, "tomato": 23, "bowl": 17, "spoon": 8, "fork": 15, "knife": 21, "door": 40, "ladder": 9, "light bulb": 8, "tool": 17, "tap": 12}}
{"id": "fa9de6b1c3598680", "label": "spoon", "status": "excluded", "counts": {"book": 13, "bottle": 40, "chair": 40, "cup": 40, "apple": 20, "bread": 40, "tomato": 23, "bowl": 17, "spoon": 8, "fork": 15, "knife": 21, "door": 40, "ladder": 9, "light bulb": 8, "tool": 17, "tap": 12}}
{"id": "5d4cd3f05e4d85c4", "label": "knife", "status": "acquired", "counts": {"book": 13, "bottle": 40, "chair": 40, "cup": 40, "apple": 20, "bread": 40, "tomato": 23, "bowl": 17, "spoon": 8, "fork": 15, "knife": 22, "door": 40, "ladder": 9, "light bulb": 8, "tool": 17, "tap": 12}}
{"id": "2eb849114cbb18d9", "label": "ladder", "status": "acquired", "counts": {"book": 13, "bottle": 40, "chair": 40, "cup": 40, "apple": 20, "bread": 40, "tomato": 23, "bowl": 17, "spoon": 8, "fork": 15, "knife": 22, "door": 40, "ladder": 10, "light bulb": 8, "tool": 17, "tap": 12}}
{"id": "8adf4dc7e161b068", "label": "ladder", "status": "acquired", "counts": {"book": 13, "bottle": 40, "chair": 40, "cup": 40, "apple": 20, "bread": 40, "tomato": 23, "bowl": 17, "spoon": 8, "fork": 15, "knife": 22, "door": 40, "ladder": 11, "light bulb": 8, "tool": 17, "tap": 12}}
{"id": "be84a3da54658167", "label": "tap", "status": "acquired", "counts": {"book": 13, "bottle": 40, "chair": 40, "cup": 40, "apple": 20, "bread": 40, "tomato": 23, "bowl": 17, "spoon": 8, "fork": 15, "knife": 22, "door": 40, "ladder": 11, "light bulb": 8, "tool": 17, "tap": 13}}
{"id": "02d46139315081c5", "label": "spoon", "status": "excluded", "counts": {"book": 13, "bottle": 40, "chair": 40, "cup": 40, "apple": 20, "bread": 40, "tomato": 23, "bowl": 17, "spoon": 8, "fork": 15, "knife": 22, "door": 40, "ladder": 11, "light bulb": 8, "tool": 17, "tap": 13}}
{"id": "cdd41375ede3792f", "label": "bowl", "status": "acquired", "counts": {"book": 13, "bottle": 40, "chair": 40, "cup": 40, "apple": 20, "bread": 40, "tomato": 23, "bowl": 18, "spoon": 8, "fork": 15, "knife": 22, "door": 40, "ladder": 11, "light bulb": 8, "tool": 17, "tap": 13}}
{"id": "085622859f9b4eb2", "label": "knife", "status": "acquired", "counts": {"book": 13, "bottle": 40, "chair": 40, "cup": 40, "apple": 20, "bread": 40, "tomato": 23, "bowl": 18, "spoon": 8, "fork": 15, "knife": 23, "door": 40, "ladder": 11, "light bulb": 8, "tool": 17, "tap": 13}}
{"id": "2497ac78d31d89d5", "label": "knife", "status": "acquired", "counts": {"book": 13, "bottle": 40, "chair": 40, "cup": 40, "apple": 20, "bread": 40, "tomato": 23, "bowl": 18, "spoon": 8, "fork": 15, "knife": 24, "door": 40, "ladder": 11, "light bulb": 8, "tool": 17, "tap": 13}}
{"id": "dfec55965c1cdf19", "label": "apple", "status": "acquired", "counts": {"book": 13, "bottle": 40, "chair": 40, "cup": 40, "apple": 21, "bread": 40, "tomato": 23, "bowl": 18, "spoon": 8, "fork": 15, "knife": 24, "door": 40, "ladder": 11, "light bulb": 8, "tool": 17, "tap": 13}}
{"id": "9eabdd7eb17a3718", "label": "tool", "status": "excluded", "counts": {"book": 13, "bottle": 40, "chair": 40, "cup": 40, "apple": 21, "bread": 40, "tomato": 23, "bowl": 18, "spoon": 8, "fork": 15, "knife": 24, "door": 40, "ladder": 11, "light bulb": 8, "tool": 17, "tap": 13}}
{"id": "833c568da41b3de0", "label": "tool", "status": "acquired", "counts": {"book": 13, "bottle": 40, "chair": 40, "cup": 40, "apple": 21, "bread": 40, "tomato": 23, "bowl": 18, "spoon": 8, "fork": 15, "knife": 24, "door": 40, "ladder": 11, "light bulb": 8, "tool": 18, "tap": 13}}
{"id": "74306eee5ad793b4", "label": "knife", "status": "acquired", "counts": {"book": 13, "bottle": 40, "chair": 40, "cup": 40, "apple": 21, "bread": 40, "tomato": 23, "bowl": 18, "spoon": 8, "fork": 15, "knife": 25, "door": 40, "ladder": 11, "light bulb": 8, "tool": 18, "tap": 13}}
{"id": "279556606656ca95", "label": "knife", "status": "acquired", "counts": {"book": 13, "bottle": 40, "chair": 40, "cup": 40, "apple": 21, "bread": 40, "tomato": 23, "bowl": 18, "spoon": 8, "fork": 15, "knife": 26, "door": 40, "ladder": 11, "light bulb": 8, "tool": 18, "tap": 13}}
{"id": "41bf39cbdf4b0a05", "label": "spoon", "status": "acquired", "counts": {"book": 13, "bottle": 40, "chair": 40, "cup": 40, "apple": 21, "bread": 40, "tomato": 23, "bowl": 18, "spoon": 9, "fork": 15, "knife": 26, "door": 40, "ladder": 11, "light bulb": 8, "tool": 18, "tap": 13}}
{"id": "31f1bd2ad15207ce", "label": "spoon", "status": "acquired", "counts": {"book": 13, "bottle": 40, "chair": 40, "cup": 40, "apple": 21, "bread": 40, "tomato": 23, "bowl": 18, "spoon": 10, "fork": 15, "knife": 26, "door": 40, "ladder": 11, "light bulb": 8, "tool": 18, "tap": 13}}
{"id": "8ce6d8afb2779d20", "label": "apple", "status": "acquired", "counts": {"book": 13, "bottle": 40, "chair": 40, "cup": 40, "apple": 22, "bread": 40, "tomato": 23, "bowl": 18, "spoon": 10, "fork": 15, "knife": 26, "door": 40, "ladder": 11, "light bulb": 8, "tool": 18, "tap": 13}}
{"id": "a5ce2ce1496aed96", "label": "bowl", "status": "acquired", "counts": {"book": 13, "bottle": 40, "chair": 40, "cup": 40, "apple": 22, "bread": 40, "tomato": 23, "bowl": 19, "spoon": 10, "fork": 15, "knife": 26, "door": 40, "ladder": 11, "light bulb": 8, "tool": 18, "tap": 13}}
{"id": "ff3e3f98de225575", "label": "apple", "status": "acquired", "counts": {"book": 13, "bottle": 40, "chair": 40, "cup": 40, "apple": 23, "bread": 40, "tomato": 23, "bowl": 19, "spoon": 10, "fork": 15, "knife": 26, "door": 40, "ladder": 11, "light bulb": 8, "tool": 18, "tap": 13}}
{"id": "41bece651eeeb9bc", "label": "book", "status": "excluded", "counts": {"book": 13, "bottle": 40, "chair": 40, "cup": 40, "apple": 23, "bread": 40, "tomato": 23, "bowl": 19, "spoon": 10, "fork": 15, "knife": 26, "door": 40, "ladder": 11, "light bulb": 8, "tool": 18, "tap": 13}}
{"id": "3a29f0b33894d4a6", "label": "book", "status": "acquired", "counts": {"book": 14, "bottle": 40, "chair": 40, "cup": 40, "apple": 23, "bread": 40, "tomato": 23, "bowl": 19, "spoon": 10, "fork": 15, "knife": 26, "door": 40, "ladder": 11, "light bulb": 8, "tool": 18, "tap": 13}}
{"id": "48942b0a3a3665e8", "label": "light bulb", "status": "acquired", "counts": {"book": 14, "bottle": 40, "chair": 40, "cup": 40, "apple": 23, "bread": 40, "tomato": 23, "bowl": 19, "spoon": 10, "fork": 15, "knife": 26, "door": 40, "ladder": 11, "light bulb": 9, "tool": 18, "tap": 13}}
{"id": "ad603c5d675930d1", "label": "bowl", "status": "acquired", "counts": {"book": 14, "bottle": 40, "chair": 40, "cup": 40, "apple": 23, "bread": 40, "tomato": 23, "bowl": 20, "spoon": 10, "fork": 15, "knife": 26, "door": 40, "ladder": 11, "light bulb": 9, "tool": 18, "tap": 13}}
{"id": "6dd1a1c12092c788", "label": "bowl", "status": "acquired", "counts": {"book": 14, "bottle": 40, "chair": 40, "cup": 40, "apple": 23, "bread": 40, "tomato": 23, "bowl": 21, "spoon": 10, "fork": 15, "knife": 26, "door": 40, "ladder": 11, "light bulb": 9, "tool": 18, "tap": 13}}
{"id": "bcb19dc50d80a2c9", "label": "bowl", "status": "acquired", "counts": {"book": 14, "bottle": 40, "chair": 40, "cup": 40, "apple": 23, "bread": 40, "tomato": 23, "bowl": 22, "spoon": 10, "fork": 15, "knife": 26, "door": 40, "ladder": 11, "light bulb": 9, "tool": 18, "tap": 13}}
{"id": "0af4ba8fd2a7e628", "label": "tap", "status": "acquired", "counts": {"book": 14, "bottle": 40, "chair": 40, "cup": 40, "apple": 23, "bread": 40, "tomato": 23, "bowl": 22, "spoon": 10, "fork": 15, "knife": 26, "door": 40, "ladder": 11, "light bulb": 9, "tool": 18, "tap": 14}}
{"id": "976ca910c239e2fc", "label": "book", "status": "excluded", "counts": {"book": 14, "bottle": 40, "chair": 40, "cup": 40, "apple": 23, "bread": 40, "tomato": 23, "bowl": 22, "spoon": 10, "fork": 15, "knife": 26, "door": 40, "ladder": 11, "light bulb": 9, "tool": 18, "tap": 14}}
{"id": "6a6881aefff9ad58", "label": "bowl", "status": "acquired", "counts": {"book": 14, "bottle": 40, "chair": 40, "cup": 40, "apple": 23, "bread": 40, "tomato": 23, "bowl": 23, "spoon": 10, "fork": 15, "knife": 26, "door": 40, "ladder": 11, "light bulb": 9, "tool": 18, "tap": 14}}
{"id": "3ecc559c0226cd9e", "label": "tomato", "status": "acquired", "counts": {"book": 14, "bottle": 40, "chair": 40, "cup": 40, "apple": 23, "bread": 40, "tomato": 24, "bowl": 23, "spoon": 10, "fork": 15, "knife": 26, "door": 40, "ladder": 11, "light bulb": 9, "tool": 18, "tap": 14}}
{"id": "841625bf625c8286", "label": "tomato", "status": "acquired", "counts": {"book": 14, "bottle": 40, "chair": 40, "cup": 40, "apple": 23, "bread": 40, "tomato": 25, "bowl": 23, "spoon": 10, "fork": 15, "knife": 26, "door": 40, "ladder": 11, "light bulb": 9, "tool": 18, "tap": 14}}
{"id": "c0818fa38d34f5cd", "label": "knife", "status": "acquired", "counts": {"book": 14, "bottle": 40, "chair": 40, "cup": 40, "apple": 23, "bread": 40, "tomato": 25, "bowl": 23, "spoon": 10, "fork": 15, "knife": 27, "door": 40, "ladder": 11, "light bulb": 9, "tool": 18, "tap": 14}}
{"id": "226957c99fab6ddf", "label": "ladder", "status": "acquired", "counts": {"book": 14, "bottle": 40, "chair": 40, "cup": 40, "apple": 23, "bread": 40, "tomato": 25, "bowl": 23, "spoon": 10, "fork": 15, "knife": 27, "door": 40, "ladder": 12, "light bulb": 9, "tool": 18, "tap": 14}}
{"id": "0565bcccb1266f62", "label": "knife", "status": "acquired", "counts": {"book": 14, "bottle": 40, "chair": 40, "cup": 40, "apple": 23, "bread": 40, "tomato": 25, "bowl": 23, "spoon": 10, "fork": 15, "knife": 28, "door": 40, "ladder": 12, "light bulb": 9, "tool": 18, "tap": 14}}
{"id": "d03b9c37cc6ceda1", "label": "fork", "status": "acquired", "counts": {"book": 14, "bottle": 40, "chair": 40, "cup": 40, "apple": 23, "bread": 40, "tomato": 25, "bowl": 23, "spoon": 10, "fork": 16, "knife": 28, "door": 40, "ladder": 12, "light bulb": 9, "tool": 18, "tap": 14}}
{"id": "0471711ee51561d9", "label": "tool", "status": "acquired", "counts": {"book": 14, "bottle": 40, "chair": 40, "cup": 40, "apple": 23, "bread": 40, "tomato": 25, "bowl": 23, "spoon": 10, "fork": 16, "knife": 28, "door": 40, "ladder": 12, "light bulb": 9, "tool": 19, "tap": 14}}
{"id": "d33f7a8c1726d0f8", "label": "ladder", "status": "acquired", "counts": {"book": 14, "bottle": 40, "chair": 40, "cup": 40, "apple": 23, "bread": 40, "tomato": 25, "bowl": 23, "spoon": 10, "fork": 16, "knife": 28, "door": 40, "ladder": 13, "light bulb": 9, "tool": 19, "tap": 14}}
{"id": "6bfb528ba0c5148e", "label": "bowl", "status": "acquired", "counts": {"book": 14, "bottle": 40, "chair": 40, "cup": 40, "apple": 23, "bread": 40, "tomato": 25, "bowl": 24, "spoon": 10, "fork": 16, "knife": 28, "door": 40, "ladder": 13, "light bulb": 9, "tool": 19, "tap": 14}}
{"id": "0d854d62b14b9b92", "label": "knife", "status": "acquired", "counts": {"book": 14, "bottle": 40, "chair": 40, "cup": 40, "apple": 23, "bread": 40, "tomato": 25, "bowl": 24, "spoon": 10, "fork": 16, "knife": 29, "door": 40, "ladder": 13, "light bulb": 9, "tool": 19, "tap": 14}}
{"id": "07de9510e802a400", "label": "fork", "status": "acquired", "counts": {"book": 14, "bottle": 40, "chair": 40, "cup": 40, "apple": 23, "bread": 40, "tomato": 25, "bowl": 24, "spoon": 10, "fork": 17, "knife": 29, "door": 40, "ladder": 13, "light bulb": 9, "tool": 19, "tap": 14}}
{"id": "a90c22661fe961ff", "label": "light bulb", "status": "acquired", "counts": {"book": 14, "bottle": 40, "chair": 40, "cup": 40, "apple": 23, "bread": 40, "tomato": 25, "bowl": 24, "spoon": 10, "fork": 17, "knife": 29, "door": 40, "ladder": 13, "light bulb": 10, "tool": 19, "tap": 14}}
{"id": "635ac16656fe05fb", "label": "tomato", "status": "acquired", "counts": {"book": 14, "bottle": 40, "chair": 40, "cup": 40, "apple": 23, "bread": 40, "tomato": 26, "bowl": 24, "spoon": 10, "fork": 17, "knife": 29, "door": 40, "ladder": 13, "light bulb": 10, "tool": 19, "tap": 14}}
{"id": "f5502849058752e0", "label": "tool", "status": "acquired", "counts": {"book": 14, "bottle": 40, "chair": 40, "cup": 40, "apple": 23, "bread": 40, "tomato": 26, "bowl": 24, "spoon": 10, "fork": 17, "knife": 29, "door": 40, "ladder": 13, "light bulb": 10, "tool": 20, "tap": 14}}
{"id": "5a401476c1a897bb", "label": "bowl", "status": "acquired", "counts": {"book": 14, "bottle": 40, "chair": 40, "cup": 40, "apple": 23, "bread": 40, "tomato": 26, "bowl": 25, "spoon": 10, "fork": 17, "knife": 29, "door": 40, "ladder": 13, "light bulb": 10, "tool": 20, "tap": 14}}
{"id": "4519876dccf2ad06", "label": "bowl", "status": "acquired", "counts": {"book": 14, "bottle": 40, "chair": 40, "cup": 40, "apple": 23, "bread": 40, "tomato": 26, "bowl": 26, "spoon": 10, "fork": 17, "knife": 29, "door": 40, "ladder": 13, "light bulb": 10, "tool": 20, "tap": 14}}
{"id": "0dbd358b804cdc0d", "label": "book", "status": "acquired", "counts": {"book": 15, "bottle": 40, "chair": 40, "cup": 40, "apple": 23, "bread": 40, "tomato": 26, "bowl": 26, "spoon": 10, "fork": 17, "knife": 29, "door": 40, "ladder": 13, "light bulb": 10, "tool": 20, "tap": 14}}
{"id": "fab4600fdc2b48b7", "label": "tomato", "status": "acquired", "counts": {"book": 15, "bottle": 40, "chair": 40, "cup": 40, "apple": 23, "bread": 40, "tomato": 27, "bowl": 26, "spoon": 10, "fork": 17, "knife": 29, "door": 40, "ladder": 13, "light bulb": 10, "tool": 20, "tap": 14}}
{"id": "09b616a35758e42c", "label": "tomato", "status": "excluded", "counts": {"book": 15, "bottle": 40, "chair": 40, "cup": 40, "apple": 23, "bread": 40, "tomato": 27, "bowl": 26, "spoon": 10, "fork": 17, "knife": 29, "door": 40, "ladder": 13, "light bulb": 10, "tool": 20, "tap": 14}}
{"id": "516a089e0750d8d5", "label": "spoon", "status": "acquired", "counts": {"book": 15, "bottle": 40, "chair": 40, "cup": 40, "apple": 23, "bread": 40, "tomato": 27, "bowl": 26, "spoon": 11, "fork": 17, "knife": 29, "door": 40, "ladder": 13, "light bulb": 10, "tool": 20, "tap": 14}}
{"id": "080e65075c6ff5d8", "label": "tomato", "status": "acquired", "counts": {"book": 15, "bottle": 40, "chair": 40, "cup": 40, "apple": 23, "bread": 40, "tomato": 28, "bowl": 26, "spoon": 11, "fork": 17, "knife": 29, "door": 40, "ladder": 13, "light bulb": 10, "tool": 20, "tap": 14}}
{"id": "b27f1918b00501fd", "label": "tomato", "status": "acquired", "counts": {"book": 15, "bottle": 40, "chair": 40, "cup": 40, "apple": 23, "bread": 40, "tomato": 29, "bowl": 26, "spoon": 11, "fork": 17, "knife": 29, "door": 40, "ladder": 13, "light bulb": 10, "tool": 20, "tap": 14}}
{"id": "902499a4866b4a3d", "label": "tomato", "status": "excluded", "counts": {"book": 15, "bottle": 40, "chair": 40, "cup": 40, "apple": 23, "bread": 40, "tomato": 29, "bowl": 26, "spoon": 11, "fork": 17, "knife": 29, "door": 40, "ladder": 13, "light bulb": 10, "tool": 20, "tap": 14}}
{"id": "ffd05e30558b94f1", "label": "tap", "status": "acquired", "counts": {"book": 15, "bottle": 40, "chair": 40, "cup": 40, "apple": 23, "bread": 40, "tomato": 29, "bowl": 26, "spoon": 11, "fork": 17, "knife": 29, "door": 40, "ladder": 13, "light bulb": 10, "tool": 20, "tap": 15}}
{"id": "fc72c96246bfee80", "label": "bowl", "status": "excluded", "counts": {"book": 15, "bottle": 40, "chair": 40, "cup": 40, "apple": 23, "bread": 40, "tomato": 29, "bowl": 26, "spoon": 11, "fork": 17, "knife": 29, "door": 40, "ladder": 13, "light bulb": 10, "tool": 20, "tap": 15}}
{"id": "fd909fb9e01535a0", "label": "knife", "status": "excluded", "counts": {"book": 15, "bottle": 40, "chair": 40, "cup": 40, "apple": 23, "bread": 40, "tomato": 29, "bowl": 26, "spoon": 11, "fork": 17, "knife": 29, "door": 40, "ladder": 13, "light bulb": 10, "tool": 20, "tap": 15}}
{"id": "407f17aef1998eae", "label": "book", "status": "acquired", "counts": {"book": 16, "bottle": 40, "chair": 40, "cup": 40, "apple": 23, "bread": 40, "tomato": 29, "bowl": 26, "spoon": 11, "fork": 17, "knife": 29, "door": 40, "ladder": 13, "light bulb": 10, "tool": 20, "tap": 15}}
{"id": "ca20cec07ba3a1b7", "label": "tomato", "status": "acquired", "counts": {"book": 16, "bottle": 40, "chair": 40, "cup": 40, "apple": 23, "bread": 40, "tomato": 30, "bowl": 26, "spoon": 11, "fork": 17, "knife": 29, "door": 40, "ladder": 13, "light bulb": 10, "tool": 20, "tap": 15}}
{"id": "edde940094eba7aa", "label": "tomato", "status": "excluded", "counts": {"book": 16, "bottle": 40, "chair": 40, "cup": 40, "apple": 23, "bread": 40, "tomato": 30, "bowl": 26, "spoon": 11, "fork": 17, "knife": 29, "door": 40, "ladder": 13, "light bulb": 10, "tool": 20, "tap": 15}}
{"id": "c9203457ab97042a", "label": "light bulb", "status": "acquired", "counts": {"book": 16, "bottle": 40, "chair": 40, "cup": 40, "apple": 23, "bread": 40, "tomato": 30, "bowl": 26, "spoon": 11, "fork": 17, "knife": 29, "door": 40, "ladder": 13, "light bulb": 11, "tool": 20, "tap": 15}}
{"id": "8c5c8e7a603fac3e", "label": "apple", "status": "acquired", "counts": {"book": 16, "bottle": 40, "chair": 40, "cup": 40, "apple": 24, "bread": 40, "tomato": 30, "bowl": 26, "spoon": 11, "fork": 17, "knife": 29, "door": 40, "ladder": 13, "light bulb": 11, "tool": 20, "tap": 15}}
{"id": "418cdb0197426a92", "label": "tomato", "status": "acquired", "counts": {"book": 16, "bottle": 40, "chair": 40, "cup": 40, "apple": 24, "bread": 40, "tomato": 31, "bowl": 26, "spoon": 11, "fork": 17, "knife": 29, "door": 40, "ladder": 13, "light bulb": 11, "tool": 20, "tap": 15}}
{"id": "44b466b72abe641b", "label": "spoon", "status": "acquired", "counts": {"book": 16, "bottle": 40, "chair": 40, "cup": 40, "apple": 24, "bread": 40, "tomato": 31, "bowl": 26, "spoon": 12, "fork": 17, "knife": 29, "door": 40, "ladder": 13, "light bulb": 11, "tool": 20, "tap": 15}}
{"id": "448623e2387b0341", "label": "tool", "status": "acquired", "counts": {"book": 16, "bottle": 40, "chair": 40, "cup": 40, "apple": 24, "bread": 40, "tomato": 31, "bowl": 26, "spoon": 12, "fork": 17, "knife": 29, "door": 40, "ladder": 13, "light bulb": 11, "tool": 21, "tap": 15}}
{"id": "05042cfa44abe4f6", "label": "tap", "status": "acquired", "counts": {"book": 16, "bottle": 40, "chair": 40, "cup": 40, "apple": 24, "bread": 40, "tomato": 31, "bowl": 26, "spoon": 12, "fork": 17, "knife": 29, "door": 40, "ladder": 13, "light bulb": 11, "tool": 21, "tap": 16}}
{"id": "0035a4bfeda1b637", "label": "bowl", "status": "acquired", "counts": {"book": 16, "bottle": 40, "chair": 40, "cup": 40, "apple": 24, "bread": 40, "tomato": 31, "bowl": 27, "spoon": 12, "fork": 17, "knife": 29, "door": 40, "ladder": 13, "light bulb": 11, "tool": 21, "tap": 16}}
{"id": "c411615719633555", "label": "knife", "status": "acquired", "counts": {"book": 16, "bottle": 40, "chair": 40, "cup": 40, "apple": 24, "bread": 40, "tomato": 31, "bowl": 27, "spoon": 12, "fork": 17, "knife": 30, "door": 40, "ladder": 13, "light bulb": 11, "tool": 21, "tap": 16}}
{"id": "028398b1ad4b545d", "label": "tomato", "status": "acquired", "counts": {"book": 16, "bottle": 40, "chair": 40, "cup": 40, "apple": 24, "bread": 40, "tomato": 32, "bowl": 27, "spoon": 12, "fork": 17, "knife": 30, "door": 40, "ladder": 13, "light bulb": 11, "tool": 21, "tap": 16}}
{"id": "66913729a0c61b51", "label": "knife", "status": "acquired", "counts": {"book": 16, "bottle": 40, "chair": 40, "cup": 40, "apple": 24, "bread": 40, "tomato": 32, "bowl": 27, "spoon": 12, "fork": 17, "knife": 31, "door": 40, "ladder": 13, "light bulb": 11, "tool": 21, "tap": 16}}
{"id": "1b5a2df8bba6d498", "label": "book", "status": "acquired", "counts": {"book": 17, "bottle": 40, "chair": 40, "cup": 40, "apple": 24, "bread": 40, "tomato": 32, "bowl": 27, "spoon": 12, "fork": 17, "knife": 31, "door": 40, "ladder": 13, "light bulb": 11, "tool": 21, "tap": 16}}
{"id": "0623368731dd66aa", "label": "tool", "status": "acquired", "counts": {"book": 17, "bottle": 40, "chair": 40, "cup": 40, "apple": 24, "bread": 40, "tomato": 32, "bowl": 27, "spoon": 12, "fork": 17, "knife": 31, "door": 40, "ladder": 13, "light bulb": 11, "tool": 22, "tap": 16}}
{"id": "bafd801621510353", "label": "knife", "status": "acquired", "counts": {"book": 17, "bottle": 40, "chair": 40, "cup": 40, "apple": 24, "bread": 40, "tomato": 32, "bowl": 27, "spoon": 12, "fork": 17, "knife": 32, "door": 40, "ladder": 13, "light bulb": 11, "tool": 22, "tap": 16}}
{"id": "b9409286833aeae4", "label": "tomato", "status": "excluded", "counts": {"book": 17, "bottle": 40, "chair": 40, "cup": 40, "apple": 24, "bread": 40, "tomato": 32, "bowl": 27, "spoon": 12, "fork": 17, "knife": 32, "door": 40, "ladder": 13, "light bulb": 11, "tool": 22, "tap": 16}}
{"id": "7a5bff1db55e0f8a", "label": "bowl", "status": "acquired", "counts": {"book": 17, "bottle": 40, "chair": 40, "cup": 40, "apple": 24, "bread": 40, "tomato": 32, "bowl": 28, "spoon": 12, "fork": 17, "knife": 32, "door": 40, "ladder": 13, "light bulb": 11, "tool": 22, "tap": 16}}
{"id": "1cee18a7a9d72c09", "label": "fork", "status": "excluded", "counts": {"book": 17, "bottle": 40, "chair": 40, "cup": 40, "apple": 24, "bread": 40, "tomato": 32, "bowl": 28, "spoon": 12, "fork": 17, "knife": 32, "door": 40, "ladder": 13, "light bulb": 11, "tool": 22, "tap": 16}}
{"id": "c5d2a96b6e845a4b", "label": "spoon", "status": "acquired", "counts": {"book": 17, "bottle": 40, "chair": 40, "cup": 40, "apple": 24, "bread": 40, "tomato": 32, "bowl": 28, "spoon": 13, "fork": 17, "knife": 32, "door": 40, "ladder": 13, "light bulb": 11, "tool": 22, "tap": 16}}
{"id": "1172ad179f7d27c6", "label": "spoon", "status": "acquired", "counts": {"book": 17, "bottle": 40, "chair": 40, "cup": 40, "apple": 24, "bread": 40, "tomato": 32, "bowl": 28, "spoon": 14, "fork": 17, "knife": 32, "door": 40, "ladder": 13, "light bulb": 11, "tool": 22, "tap": 16}}
{"id": "44613c7c31aa2ac6", "label": "ladder", "status": "acquired", "counts": {"book": 17, "bottle": 40, "chair": 40, "cup": 40, "apple": 24, "bread": 40, "tomato": 32, "bowl": 28, "spoon": 14, "fork": 17, "knife": 32, "door": 40, "ladder": 14, "light bulb": 11, "tool": 22, "tap": 16}}
{"id": "9e6dcbec738debb7", "label": "book", "status": "excluded", "counts": {"book": 17, "bottle": 40, "chair": 40, "cup": 40, "apple": 24, "bread": 40, "tomato": 32, "bowl": 28, "spoon": 14, "fork": 17, "knife": 32, "door": 40, "ladder": 14, "light bulb": 11, "tool": 22, "tap": 16}}
{"id": "1532894cbf5219e4", "label": "tool", "status": "acquired", "counts": {"book": 17, "bottle": 40, "chair": 40, "cup": 40, "apple": 24, "bread": 40, "tomato": 32, "bowl": 28, "spoon": 14, "fork": 17, "knife": 32, "door": 40, "ladder": 14, "light bulb": 11, "tool": 23, "tap": 16}}
{"id": "0a3873442ad329c2", "label": "book", "status": "excluded", "counts": {"book": 17, "bottle": 40, "chair": 40, "cup": 40, "apple": 24, "bread": 40, "tomato": 32, "bowl": 28, "spoon": 14, "fork": 17, "knife": 32, "door": 40, "ladder": 14, "light bulb": 11, "tool": 23, "tap": 16}}
{"id": "de4f31918d13232c", "label": "bowl", "status": "acquired", "counts": {"book": 17, "bottle": 40, "chair": 40, "cup": 40, "apple": 24, "bread": 40, "tomato": 32, "bowl": 29, "spoon": 14, "fork": 17, "knife": 32, "door": 40, "ladder": 14, "light bulb": 11, "tool": 23, "tap": 16}}
{"id": "0d0719cfd8e417b7", "label": "tap", "status": "acquired", "counts": {"book": 17, "bottle": 40, "chair": 40, "cup": 40, "apple": 24, "bread": 40, "tomato": 32, "bowl": 29, "spoon": 14, "fork": 17, "knife": 32, "door": 40, "ladder": 14, "light bulb": 11, "tool": 23, "tap": 17}}
{"id": "28f45b12ee25ae19", "label": "book", "status": "acquired", "counts": {"book": 18, "bottle": 40, "chair": 40, "cup": 40, "apple": 24, "bread": 40, "tomato": 32, "bowl": 29, "spoon": 14, "fork": 17, "knife": 32, "door": 40, "ladder": 14, "light bulb": 11, "tool": 23, "tap": 17}}
{"id": "af403410b6934966", "label": "knife", "status": "acquired", "counts": {"book": 18, "bottle": 40, "chair": 40, "cup": 40, "apple": 24, "bread": 40, "tomato": 32, "bowl": 29, "spoon": 14, "fork": 17, "knife": 33, "door": 40, "ladder": 14, "light bulb": 11, "tool": 23, "tap": 17}}
{"id": "c4ab633c41c22eea", "label": "tomato", "status": "excluded", "counts": {"book": 18, "bottle": 40, "chair": 40, "cup": 40, "apple": 24, "bread": 40, "tomato": 32, "bowl": 29, "spoon": 14, "fork": 17, "knife": 33, "door": 40, "ladder": 14, "light bulb": 11, "tool": 23, "tap": 17}}
{"id": "1a164284f6016581", "label": "bowl", "status": "acquired", "counts": {"book": 18, "bottle": 40, "chair": 40, "cup": 40, "apple": 24, "bread": 40, "tomato": 32, "bowl": 30, "spoon": 14, "fork": 17, "knife": 33, "door": 40, "ladder": 14, "light bulb": 11, "tool": 23, "tap": 17}}
{"id": "843a3e70bd9293da", "label": "knife", "status": "acquired", "counts": {"book": 18, "bottle": 40, "chair": 40, "cup": 40, "apple": 24, "bread": 40, "tomato": 32, "bowl": 30, "spoon": 14, "fork": 17, "knife": 34, "door": 40, "ladder": 14, "light bulb": 11, "tool": 23, "tap": 17}}
{"id": "90a35ace03da9909", "label": "bowl", "status": "acquired", "counts": {"book": 18, "bottle": 40, "chair": 40, "cup": 40, "apple": 24, "bread": 40, "tomato": 32, "bowl": 31, "spoon": 14, "fork": 17, "knife": 34, "door": 40, "ladder": 14, "light bulb": 11, "tool": 23, "tap": 17}}
{"id": "d853167e41ec6b42", "label": "apple", "status": "acquired", "counts": {"book": 18, "bottle": 40, "chair": 40, "cup": 40, "apple": 25, "bread": 40, "tomato": 32, "bowl": 31, "spoon": 14, "fork": 17, "knife": 34, "door": 40, "ladder": 14, "light bulb": 11, "tool": 23, "tap": 17}}
{"id": "bdb8abb449444489", "label": "fork", "status": "acquired", "counts": {"book": 18, "bottle": 40, "chair": 40, "cup": 40, "apple": 25, "bread": 40, "tomato": 32, "bowl": 31, "spoon": 14, "fork": 18, "knife": 34, "door": 40, "ladder": 14, "light bulb": 11, "tool": 23, "tap": 17}}
{"id": "da95f58bf0813d29", "label": "bowl", "status": "acquired", "counts": {"book": 18, "bottle": 40, "chair": 40, "cup": 40, "apple": 25, "bread": 40, "tomato": 32, "bowl": 32, "spoon": 14, "fork": 18, "knife": 34, "door": 40, "ladder": 14, "light bulb": 11, "tool": 23, "tap": 17}}
{"id": "934b316736a84748", "label": "tomato", "status": "acquired", "counts": {"book": 18, "bottle": 40, "chair": 40, "cup": 40, "apple": 25, "bread": 40, "tomato": 33, "bowl": 32, "spoon": 14, "fork": 18, "knife": 34, "door": 40, "ladder": 14, "light bulb": 11, "tool": 23, "tap": 17}}
{"id": "386e4712263c4fc5", "label": "tool", "status": "acquired", "counts": {"book": 18, "bottle": 40, "chair": 40, "cup": 40, "apple": 25, "bread": 40, "tomato": 33, "bowl": 32, "spoon": 14, "fork": 18, "knife": 34, "door": 40, "ladder": 14, "light bulb": 11, "tool": 24, "tap": 17}}
{"id": "b72a5527eda357d4", "label": "tool", "status": "excluded", "counts": {"book": 18, "bottle": 40, "chair": 40, "cup": 40, "apple": 25, "bread": 40, "tomato": 33, "bowl": 32, "spoon": 14, "fork": 18, "knife": 34, "door": 40, "ladder": 14, "light bulb": 11, "tool": 24, "tap": 17}}
{"id": "95f8d4aec3da2a72", "label": "knife", "status": "acquired", "counts": {"book": 18, "bottle": 40, "chair": 40, "cup": 40, "apple": 25, "bread": 40, "tomato": 33, "bowl": 32, "spoon": 14, "fork": 18, "knife": 35, "door": 40, "ladder": 14, "light bulb": 11, "tool": 24, "tap": 17}}
{"id": "6f5f56c01df801c7", "label": "apple", "status": "acquired", "counts": {"book": 18, "bottle": 40, "chair": 40, "cup": 40, "apple": 26, "bread": 40, "tomato": 33, "bowl": 32, "spoon": 14, "fork": 18, "knife": 35, "door": 40, "ladder": 14, "light bulb": 11, "tool": 24, "tap": 17}}
{"id": "7c695950b4a9ed28", "label": "knife", "status": "acquired", "counts": {"book": 18, "bottle": 40, "chair": 40, "cup": 40, "apple": 26, "bread": 40, "tomato": 33, "bowl": 32, "spoon": 14, "fork": 18, "knife": 36, "door": 40, "ladder": 14, "light bulb": 11, "tool": 24, "tap": 17}}
{"id": "69f3f3889793e68e", "label": "apple", "status": "acquired", "counts": {"book": 18, "bottle": 40, "chair": 40, "cup": 40, "apple": 27, "bread": 40, "tomato": 33, "bowl": 32, "spoon": 14, "fork": 18, "knife": 36, "door": 40, "ladder": 14, "light bulb": 11, "tool": 24, "tap": 17}}
{"id": "b12fbfc70ffe8f56", "label": "tomato", "status": "acquired", "counts": {"book": 18, "bottle": 40, "chair": 40, "cup": 40, "apple": 27, "bread": 40, "tomato": 34, "bowl": 32, "spoon": 14, "fork": 18, "knife": 36, "door": 40, "ladder": 14, "light bulb": 11, "tool": 24, "tap": 17}}
{"id": "96b70242109a29c9", "label": "fork", "status": "acquired", "counts": {"book": 18, "bottle": 40, "chair": 40, "cup": 40, "apple": 27, "bread": 40, "tomato": 34, "bowl": 32, "spoon": 14, "fork": 19, "knife": 36, "door": 40, "ladder": 14, "light bulb": 11, "tool": 24, "tap": 17}}
{"id": "434d92f2b4b9a47c", "label": "spoon", "status": "acquired", "counts": {"book": 18, "bottle": 40, "chair": 40, "cup": 40, "apple": 27, "bread": 40, "tomato": 34, "bowl": 32, "spoon": 15, "fork": 19, "knife": 36, "door": 40, "ladder": 14, "light bulb": 11, "tool": 24, "tap": 17}}
{"id": "4b6d3c391753e5ce", "label": "knife", "status": "acquired", "counts": {"book": 18, "bottle": 40, "chair": 40, "cup": 40, "apple": 27, "bread": 40, "tomato": 34, "bowl": 32, "spoon": 15, "fork": 19, "knife": 37, "door": 40, "ladder": 14, "light bulb": 11, "tool": 24, "tap": 17}}
{"id": "d39aabadf6b27bc2", "label": "fork", "status": "acquired", "counts": {"book": 18, "bottle": 40, "chair": 40, "cup": 40, "apple": 27, "bread": 40, "tomato": 34, "bowl": 32, "spoon": 15, "fork": 20, "knife": 37, "door": 40, "ladder": 14, "light bulb": 11, "tool": 24, "tap": 17}}
{"id": "7b1eec52a7a1797b", "label": "knife", "status": "acquired", "counts": {"book": 18, "bottle": 40, "chair": 40, "cup": 40, "apple": 27, "bread": 40, "tomato": 34, "bowl": 32, "spoon": 15, "fork": 20, "knife": 38, "door": 40, "ladder": 14, "light bulb": 11, "tool": 24, "tap": 17}}
{"id": "26f72a4eb15ea8c0", "label": "spoon", "status": "acquired", "counts": {"book": 18, "bottle": 40, "chair": 40, "cup": 40, "apple": 27, "bread": 40, "tomato": 34, "bowl": 32, "spoon": 16, "fork": 20, "knife": 38, "door": 40, "ladder": 14, "light bulb": 11, "tool": 24, "tap": 17}}
{"id": "449af72226aad073", "label": "knife", "status": "acquired", "counts": {"book": 18, "bottle": 40, "chair": 40, "cup": 40, "apple": 27, "bread": 40, "tomato": 34, "bowl": 32, "spoon": 16, "fork": 20, "knife": 39, "door": 40, "ladder": 14, "light bulb": 11, "tool": 24, "tap": 17}}
{"id": "88269e4e82af0450", "label": "light bulb", "status": "acquired", "counts": {"book": 18, "bottle": 40, "chair": 40, "cup": 40, "apple": 27, "bread": 40, "tomato": 34, "bowl": 32, "spoon": 16, "fork": 20, "knife": 39, "door": 40, "ladder": 14, "light bulb": 12, "tool": 24, "tap": 17}}
{"id": "2ba65cfdd4fc2069", "label": "tool", "status": "acquired", "counts": {"book": 18, "bottle": 40, "chair": 40, "cup": 40, "apple": 27, "bread": 40, "tomato": 34, "bowl": 32, "spoon": 16, "fork": 20, "knife": 39, "door": 40, "ladder": 14, "light bulb": 12, "tool": 25, "tap": 17}}
{"id": "3cfd659e242be6f8", "label": "spoon", "status": "excluded", "counts": {"book": 18, "bottle": 40, "chair": 40, "cup": 40, "apple": 27, "bread": 40, "tomato": 34, "bowl": 32, "spoon": 16, "fork": 20, "knife": 39, "door": 40, "ladder": 14, "light bulb": 12, "tool": 25, "tap": 17}}
{"id": "49567019a665a27b", "label": "tool", "status": "excluded", "counts": {"book": 18, "bottle": 40, "chair": 40, "cup": 40, "apple": 27, "bread": 40, "tomato": 34, "bowl": 32, "spoon": 16, "fork": 20, "knife": 39, "door": 40, "ladder": 14, "light bulb": 12, "tool": 25, "tap": 17}}
{"id": "7b8a74d6f2dad295", "label": "light bulb", "status": "acquired", "counts": {"book": 18, "bottle": 40, "chair": 40, "cup": 40, "apple": 27, "bread": 40, "tomato": 34, "bowl": 32, "spoon": 16, "fork": 20, "knife": 39, "door": 40, "ladder": 14, "light bulb": 13, "tool": 25, "tap": 17}}
{"id": "238450f5d97b2d2b", "label": "bowl", "status": "acquired", "counts": {"book": 18, "bottle": 40, "chair": 40, "cup": 40, "apple": 27, "bread": 40, "tomato": 34, "bowl": 33, "spoon": 16, "fork": 20, "knife": 39, "door": 40, "ladder": 14, "light bulb": 13, "tool": 25, "tap": 17}}
{"id": "97aee0dc6b04b3e6", "label": "tomato", "status": "acquired", "counts": {"book": 18, "bottle": 40, "chair": 40, "cup": 40, "apple": 27, "bread": 40, "tomato": 35, "bowl": 33, "spoon": 16, "fork": 20, "knife": 39, "door": 40, "ladder": 14, "light bulb": 13, "tool": 25, "tap": 17}}
{"id": "2c1e31e2accd1b5c", "label": "fork", "status": "acquired", "counts": {"book": 18, "bottle": 40, "chair": 40, "cup": 40, "apple": 27, "bread": 40, "tomato": 35, "bowl": 33, "spoon": 16, "fork": 21, "knife": 39, "door": 40, "ladder": 14, "light bulb": 13, "tool": 25, "tap": 17}}
{"id": "575747fa1487a81c", "label": "knife", "status": "excluded", "counts": {"book": 18, "bottle": 40, "chair": 40, "cup": 40, "apple": 27, "bread": 40, "tomato": 35, "bowl": 33, "spoon": 16, "fork": 21, "knife": 39, "door": 40, "ladder": 14, "light bulb": 13, "tool": 25, "tap": 17}}
{"id": "5c37018b24fea94e", "label": "fork", "status": "acquired", "counts": {"book": 18, "bottle": 40, "chair": 40, "cup": 40, "apple": 27, "bread": 40, "tomato": 35, "bowl": 33, "spoon": 16, "fork": 22, "knife": 39, "door": 40, "ladder": 14, "light bulb": 13, "tool": 25, "tap": 17}}
{"id": "275f429194a6683a", "label": "apple", "status": "acquired", "counts": {"book": 18, "bottle": 40, "chair": 40, "cup": 40, "apple": 28, "bread": 40, "tomato": 35, "bowl": 33, "spoon": 16, "fork": 22, "knife": 39, "door": 40, "ladder": 14, "light bulb": 13, "tool": 25, "tap": 17}}
{"id": "ee24a73a700e7013", "label": "tool", "status": "acquired", "counts": {"book": 18, "bottle": 40, "chair": 40, "cup": 40, "apple": 28, "bread": 40, "tomato": 35, "bowl": 33, "spoon": 16, "fork": 22, "knife": 39, "door": 40, "ladder": 14, "light bulb": 13, "tool": 26, "tap": 17}}
{"id": "b0670fed268da345", "label": "book", "status": "acquired", "counts": {"book": 19, "bottle": 40, "chair": 40, "cup": 40, "apple": 28, "bread": 40, "tomato": 35, "bowl": 33, "spoon": 16, "fork": 22, "knife": 39, "door": 40, "ladder": 14, "light bulb": 13, "tool": 26, "tap": 17}}
{"id": "1904def4db553499", "label": "knife", "status": "acquired", "counts": {"book": 19, "bottle": 40, "chair": 40, "cup": 40, "apple": 28, "bread": 40, "tomato": 35, "bowl": 33, "spoon": 16, "fork": 22, "knife": 40, "door": 40, "ladder": 14, "light bulb": 13, "tool": 26, "tap": 17}}
{"id": "ede075a2d90d875a", "label": "tool", "status": "acquired", "counts": {"book": 19, "bottle": 40, "chair": 40, "cup": 40, "apple": 28, "bread": 40, "tomato": 35, "bowl": 33, "spoon": 16, "fork": 22, "knife": 40, "door": 40, "ladder": 14, "light bulb": 13, "tool": 27, "tap": 17}}
{"id": "e406872285f3aeda", "label": "spoon", "status": "excluded", "counts": {"book": 19, "bottle": 40, "chair": 40, "cup": 40, "apple": 28, "bread": 40, "tomato": 35, "bowl": 33, "spoon": 16, "fork": 22, "knife": 40, "door": 40, "ladder": 14, "light bulb": 13, "tool": 27, "tap": 17}}
{"id": "b1c300ae9f37a903", "label": "tomato", "status": "excluded", "counts": {"book": 19, "bottle": 40, "chair": 40, "cup": 40, "apple": 28, "bread": 40, "tomato": 35, "bowl": 33, "spoon": 16, "fork": 22, "knife": 40, "door": 40, "ladder": 14, "light bulb": 13, "tool": 27, "tap": 17}}
{"id": "337315fd6034a1d6", "label": "spoon", "status": "excluded", "counts": {"book": 19, "bottle": 40, "chair": 40, "cup": 40, "apple": 28, "bread": 40, "tomato": 35, "bowl": 33, "spoon": 16, "fork": 22, "knife": 40, "door": 40, "ladder": 14, "light bulb": 13, "tool": 27, "tap": 17}}
{"id": "ef0e599e17f54f95", "label": "tool", "status": "acquired", "counts": {"book": 19, "bottle": 40, "chair": 40, "cup": 40, "apple": 28, "bread": 40, "tomato": 35, "bowl": 33, "spoon": 16, "fork": 22, "knife": 40, "door": 40, "ladder": 14, "light bulb": 13, "tool": 28, "tap": 17}}
{"id": "845568f6229ee606", "label": "tool", "status": "acquired", "counts": {"book": 19, "bottle": 40, "chair": 40, "cup": 40, "apple": 28, "bread": 40, "tomato": 35, "bowl": 33, "spoon": 16, "fork": 22, "knife": 40, "door": 40, "ladder": 14, "light bulb": 13, "tool": 29, "tap": 17}}
{"id": "4319a313fae699f9", "label": "ladder", "status": "acquired", "counts": {"book": 19, "bottle": 40, "chair": 40, "cup": 40, "apple": 28, "bread": 40, "tomato": 35, "bowl": 33, "spoon": 16, "fork": 22, "knife": 40, "door": 40, "ladder": 15, "light bulb": 13, "tool": 29, "tap": 17}}
{"id": "105433f9d808d18e", "label": "apple", "status": "acquired", "counts": {"book": 19, "bottle": 40, "chair": 40, "cup": 40, "apple": 29, "bread": 40, "tomato": 35, "bowl": 33, "spoon": 16, "fork": 22, "knife": 40, "door": 40, "ladder": 15, "light bulb": 13, "tool": 29, "tap": 17}}
{"id": "529dfa4b841997ca", "label": "ladder", "status": "excluded", "counts": {"book": 19, "bottle": 40, "chair": 40, "cup": 40, "apple": 29, "bread": 40, "tomato": 35, "bowl": 33, "spoon": 16, "fork": 22, "knife": 40, "door": 40, "ladder": 15, "light bulb": 13, "tool": 29, "tap": 17}}
{"id": "23c4936af39bedc9", "label": "bowl", "status": "acquired", "counts": {"book": 19, "bottle": 40, "chair": 40, "cup": 40, "apple": 29, "bread": 40, "tomato": 35, "bowl": 34, "spoon": 16, "fork": 22, "knife": 40, "door": 40, "ladder": 15, "light bulb": 13, "tool": 29, "tap": 17}}
{"id": "db7af132fd1170d2", "label": "bowl", "status": "excluded", "counts": {"book": 19, "bottle": 40, "chair": 40, "cup": 40, "apple": 29, "bread": 40, "tomato": 35, "bowl": 34, "spoon": 16, "fork": 22, "knife": 40, "door": 40, "ladder": 15, "light bulb": 13, "tool": 29, "tap": 17}}
{"id": "560ef853be0bc079", "label": "spoon", "status": "acquired", "counts": {"book": 19, "bottle": 40, "chair": 40, "cup": 40, "apple": 29, "bread": 40, "tomato": 35, "bowl": 34, "spoon": 17, "fork": 22, "knife": 40, "door": 40, "ladder": 15, "light bulb": 13, "tool": 29, "tap": 17}}
{"id": "89cea1955da08c9b", "label": "ladder", "status": "excluded", "counts": {"book": 19, "bottle": 40, "chair": 40, "cup": 40, "apple": 29, "bread": 40, "tomato": 35, "bowl": 34, "spoon": 17, "fork": 22, "knife": 40, "door": 40, "ladder": 15, "light bulb": 13, "tool": 29, "tap": 17}}
{"id": "c1274e4ca07f2382", "label": "bowl", "status": "acquired", "counts": {"book": 19, "bottle": 40, "chair": 40, "cup": 40, "apple": 29, "bread": 40, "tomato": 35, "bowl": 35, "spoon": 17, "fork": 22, "knife": 40, "door": 40, "ladder": 15, "light bulb": 13, "tool": 29, "tap": 17}}
{"id": "aa41ff683e2c5a60", "label": "ladder", "status": "acquired", "counts": {"book": 19, "bottle": 40, "chair": 40, "cup": 40, "apple": 29, "bread": 40, "tomato": 35, "bowl": 35, "spoon": 17, "fork": 22, "knife": 40, "door": 40, "ladder": 16, "light bulb": 13, "tool": 29, "tap": 17}}
{"id": "a61ac2bd6c0fbe6f", "label": "bowl", "status": "acquired", "counts": {"book": 19, "bottle": 40, "chair": 40, "cup": 40, "apple": 29, "bread": 40, "tomato": 35, "bowl": 36, "spoon": 17, "fork": 22, "knife": 40, "door": 40, "ladder": 16, "light bulb": 13, "tool": 29, "tap": 17}}
{"id": "a57eae36c0424365", "label": "tool", "status": "acquired", "counts": {"book": 19, "bottle": 40, "chair": 40, "cup": 40, "apple": 29, "bread": 40, "tomato": 35, "bowl": 36, "spoon": 17, "fork": 22, "knife": 40, "door": 40, "ladder": 16, "light bulb": 13, "tool": 30, "tap": 17}}
{"id": "7b4e6ecafed7bb6a", "label": "light bulb", "status": "acquired", "counts": {"book": 19, "bottle": 40, "chair": 40, "cup": 40, "apple": 29, "bread": 40, "tomato": 35, "bowl": 36, "spoon": 17, "fork": 22, "knife": 40, "door": 40, "ladder": 16, "light bulb": 14, "tool": 30, "tap": 17}}
{"id": "2f2039140c8b1f2b", "label": "tap", "status": "excluded", "counts": {"book": 19, "bottle": 40, "chair": 40, "cup": 40, "apple": 29, "bread": 40, "tomato": 35, "bowl": 36, "spoon": 17, "fork": 22, "knife": 40, "door": 40, "ladder": 16, "light bulb": 14, "tool": 30, "tap": 17}}
{"id": "f4f12ba16e9e93d5", "label": "book", "status": "acquired", "counts": {"book": 20, "bottle": 40, "chair": 40, "cup": 40, "apple": 29, "bread": 40, "tomato": 35, "bowl": 36, "spoon": 17, "fork": 22, "knife": 40, "door": 40, "ladder": 16, "light bulb": 14, "tool": 30, "tap": 17}}
{"id": "e823885c5fe5400a", "label": "book", "status": "acquired", "counts": {"book": 21, "bottle": 40, "chair": 40, "cup": 40, "apple": 29, "bread": 40, "tomato": 35, "bowl": 36, "spoon": 17, "fork": 22, "knife": 40, "door": 40, "ladder": 16, "light bulb": 14, "tool": 30, "tap": 17}}
{"id": "0e0924847072dd90", "label": "tomato", "status": "acquired", "counts": {"book": 21, "bottle": 40, "chair": 40, "cup": 40, "apple": 29, "bread": 40, "tomato": 36, "bowl": 36, "spoon": 17, "fork": 22, "knife": 40, "door": 40, "ladder": 16, "light bulb": 14, "tool": 30, "tap": 17}}
{"id": "831ef1ed000ea182", "label": "book", "status": "excluded", "counts": {"book": 21, "bottle": 40, "chair": 40, "cup": 40, "apple": 29, "bread": 40, "tomato": 36, "bowl": 36, "spoon": 17, "fork": 22, "knife": 40, "door": 40, "ladder": 16, "light bulb": 14, "tool": 30, "tap": 17}}
{"id": "627ae5929f890dd9", "label": "ladder", "status": "acquired", "counts": {"book": 21, "bottle": 40, "chair": 40, "cup": 40, "apple": 29, "bread": 40, "tomato": 36, "bowl": 36, "spoon": 17, "fork": 22, "knife": 40, "door": 40, "ladder": 17, "light bulb": 14, "tool": 30, "tap": 17}}
{"id": "dc03f95d4181a134", "label": "tomato", "status": "acquired", "counts": {"book": 21, "bottle": 40, "chair": 40, "cup": 40, "apple": 29, "bread": 40, "tomato": 37, "bowl": 36, "spoon": 17, "fork": 22, "knife": 40, "door": 40, "ladder": 17, "light bulb": 14, "tool": 30, "tap": 17}}
{"id": "5314058b185908c6", "label": "fork", "status": "acquired", "counts": {"book": 21, "bottle": 40, "chair": 40, "cup": 40, "apple": 29, "bread": 40, "tomato": 37, "bowl": 36, "spoon": 17, "fork": 23, "knife": 40, "door": 40, "ladder": 17, "light bulb": 14, "tool": 30, "tap": 17}}
{"id": "20406256853c0e5c", "label": "fork", "status": "acquired", "counts": {"book": 21, "bottle": 40, "chair": 40, "cup": 40, "apple": 29, "bread": 40, "tomato": 37, "bowl": 36, "spoon": 17, "fork": 24, "knife": 40, "door": 40, "ladder": 17, "light bulb": 14, "tool": 30, "tap": 17}}
{"id": "f3ea4beadc8bdb75", "label": "tomato", "status": "acquired", "counts": {"book": 21, "bottle": 40, "chair": 40, "cup": 40, "apple": 29, "bread": 40, "tomato": 38, "bowl": 36, "spoon": 17, "fork": 24, "knife": 40, "door": 40, "ladder": 17, "light bulb": 14, "tool": 30, "tap": 17}}
{"id": "eebecaf5f2eca0c3", "label": "book", "status": "acquired", "counts": {"book": 22, "bottle": 40, "chair": 40, "cup": 40, "apple": 29, "bread": 40, "tomato": 38, "bowl": 36, "spoon": 17, "fork": 24, "knife": 40, "door": 40, "ladder": 17, "light bulb": 14, "tool": 30, "tap": 17}}
{"id": "fe894bc3ba2f6488", "label": "fork", "status": "acquired", "counts": {"book": 22, "bottle": 40, "chair": 40, "cup": 40, "apple": 29, "bread": 40, "tomato": 38, "bowl": 36, "spoon": 17, "fork": 25, "knife": 40, "door": 40, "ladder": 17, "light bulb": 14, "tool": 30, "tap": 17}}
{"id": "f41bc46dbe16478d", "label": "tomato", "status": "acquired", "counts": {"book": 22, "bottle": 40, "chair": 40, "cup": 40, "apple": 29, "bread": 40, "tomato": 39, "bowl": 36, "spoon": 17, "fork": 25, "knife": 40, "door": 40, "ladder": 17, "light bulb": 14, "tool": 30, "tap": 17}}
{"id": "2443f4715e5f54d5", "label": "tool", "status": "excluded", "counts": {"book": 22, "bottle": 40, "chair": 40, "cup": 40, "apple": 29, "bread": 40, "tomato": 39, "bowl": 36, "spoon": 17, "fork": 25, "knife": 40, "door": 40, "ladder": 17, "light bulb": 14, "tool": 30, "tap": 17}}
{"id": "a236fd913492b159", "label": "spoon", "status": "acquired", "counts": {"book": 22, "bottle": 40, "chair": 40, "cup": 40, "apple": 29, "bread": 40, "tomato": 39, "bowl": 36, "spoon": 18, "fork": 25, "knife": 40, "door": 40, "ladder": 17, "light bulb": 14, "tool": 30, "tap": 17}}
